-- -- Script -- --

-- MODIFICABLES ---------------------------------------------------------------------------------------------
-- ----------------------------------------------------------------------------------------------------------

-- -----------------------------------------------------
-- Data for table `episerp`.`en_p1m_empresa`
-- -----------------------------------------------------
START TRANSACTION;
USE `episerp`;
INSERT INTO `episerp`.`en_p1m_empresa`
(`EmpCod`,`EmpRazSoc`,`EmpNomCom`,`EmpDomFis`,`EmpDes`,`EmpDir`,`EmpTel`,`EmpEmail`,`EmpIGV`,`EmpTipCamCom`,
`EmpTipCamVen`,`EmpRUC`,`EmpNumDec`,`EmpNumDetGuiRemTra`,`EmpNumDetFacVen`,`EmpNumDetBolVen`,`EmpHorCier`)
VALUES
('01','Comercial Aqp','Comercial Aqp','Alto de la Alianza Durotar','-','Alto de la Alianza Durotar','-','durotan@gmail.com','18','3.14','3.15','12345678911','4','23','23','10',false);

COMMIT;

-- -----------------------------------------------------
-- Data for table `episerp`.`en_p2m_almacen`
-- -----------------------------------------------------
START TRANSACTION;
USE `episerp`;
INSERT INTO `episerp`.`en_p2m_almacen`
(`AlmCod`,`AlmDet`,`SucCod`,`AlmVolTot`,`AlmObs`,`EstRegCod`)
VALUES
('1','Almacen Principal', '1', '100000', '-', 'A');

COMMIT;

-- -----------------------------------------------------
-- Data for table `episerp`.`en_p4m_proveedor`
-- -----------------------------------------------------
START TRANSACTION;
USE `episerp`;
INSERT INTO `episerp`.`en_p4m_proveedor`
(`PrvCod`,`PrvDet`,`PrvRazSoc`,`PrvNomCom`,`PrvDomFis`,`PrvCon`,
`PrvDir`,`PrvTelFij`,`PrvTelCel`,`PrvEmail`,`PrvPagWeb`,`PrvObs`,`EstRegCod`)
VALUES
('01','Proveedor General', 'Proveedor General','Proveedor General','-','Contacto','-','-','-','-','-','-','A');

COMMIT;

-- -----------------------------------------------------
-- Data for table `episerp`.`en_p2m_unidad_transporte`
-- -----------------------------------------------------
START TRANSACTION;
USE `episerp`;
INSERT INTO `episerp`.`en_p2m_unidad_transporte`
(`UniTraCod`,`TipUniTraCod`,`UniTraMod`,`UniTraMar`,`UniTraPes`,`UniTraNumPla`,`EstUniTraCod`,`EstRegCod`)
VALUES
('1','1','Camioneta', 'Toyota', '1000', 'SOP-557', '1', 'A');

COMMIT;

-- -----------------------------------------------------
-- Data for table `episerp`.`en_p2m_transportista`
-- -----------------------------------------------------
START TRANSACTION;
USE `episerp`;
INSERT INTO `episerp`.`en_p2m_transportista`
(`TraCod`,`TraNom`,`TraApePat`,`TraApeMat`,`TraRazSoc`,`TraNomCom`,`TraDomFis`,`TraTel`,`TraEmail`,`TraDir`,`EstRegCod`)
VALUES
('1','Comercial','-','-','Comercial','Comercial','-','-','-','-','A');

COMMIT;

-- -----------------------------------------------------
-- Data for table `episerp`.`en_p1m_catalogo_ruta`
-- -----------------------------------------------------
START TRANSACTION;
USE `episerp`;
INSERT INTO `en_p1m_catalogo_ruta` 
(`CatRutCod`,`CatRutDet`,`EstRegCod`) 
VALUES 
('001','Ruta Zamacola-Aviacion','A'),
('002','Ruta Cerro Colorado-Zamacola','A'),
('003','Ruta Hunter-Aviacion','A'),
('004','Ruta Goyeneche-Independencia','A'),
('005','Ruta Zamacola-Porongoche','A'),
('006','Ruta Los manzanitos-Aviacion','A'),
('007','Ruta Tumbes-Hunter','A'),
('008','Ruta Parque Industrial-Zamacola','A'),
('009','Ruta Cayma-Tumbes','A'),
('010','Ruta La tomilla-Parque Industrial','A');

COMMIT;

-- -----------------------------------------------------
-- Data for table `episerp`.`ta_gzz_lista_precios`
-- -----------------------------------------------------
START TRANSACTION;
USE `episerp`;
INSERT INTO `episerp`.`ta_gzz_lista_precios`
(`LisPreCod`,`LisPreDet`,`EstRegCod`)
VALUES
('1','Estándar','A'),
('2','Bodegas','A');

COMMIT;

-- -----------------------------------------------------
-- Data for table `episerp`.`ta_gzz_canal_usuario`
-- -----------------------------------------------------
START TRANSACTION;
USE `episerp`;
INSERT INTO `episerp`.`ta_gzz_canal_usuario`
(`CanUsuCod`,`CanUsuDet`,`CanUsuPorAdd`,`EstRegCod`)
VALUES
('1','Bodegas','1','A'),
('2','Mercados','1','A'),
('3','Mayorista','1','A'),
('4','Minimayorista','1','A'),
('5','Incas','1','A'),
('6','Distribuidores','1','A'),
('7','Administrador','1','A');

COMMIT;

-- -----------------------------------------------------
-- Data for table `episerp`.`ta_gzz_canal_cliente`
-- -----------------------------------------------------
START TRANSACTION;
USE `episerp`;
INSERT INTO `episerp`.`ta_gzz_canal_cliente` 
(`CanCliCod`, `CanCliDet`, `EstRegCod`) 
VALUES
('1','Bodegas','A'),
('2','Mercados','A'),
('3','Mayorista','A'),
('4','Minimayorista','A'),
('5','Incas','A'),
('6','Distribuidor','A');

COMMIT;

-- -----------------------------------------------------
-- Data for table `episerp`.`ta_gzz_tipo_cliente`
-- -----------------------------------------------------
START TRANSACTION;
USE `episerp`;
INSERT INTO `episerp`.`ta_gzz_tipo_cliente` 
(`TipCliCod`, `TipCliDet`, `EstRegCod`) 
VALUES 
('1','Persona Natural','A'),
('2','Persona Juridica','A');

COMMIT;

-- -----------------------------------------------------
-- Data for table `episerp`.`ta_gzz_unidad_trabajo`
-- -----------------------------------------------------
START TRANSACTION;
USE `episerp`;
INSERT INTO `episerp`.`ta_gzz_unidad_trabajo`
(`UniTraCod`,`UniTraDet`,`EstRegCod`)
VALUES
('1','Unidad 1','A'),
('2','Unidad 2','A');

COMMIT;

-- -----------------------------------------------------
-- Data for table `episerp`.`ta_gzz_unidad_med`
-- -----------------------------------------------------
START TRANSACTION;
USE `episerp`;
INSERT INTO `episerp`.`ta_gzz_unidad_med`
(`UniMedCod`,`UniMedDet`,`UniMedSim`,`EstRegCod`)
VALUES
('1','Display','Dplay','A'),
('2','Docena','Doc','A'),
('3','Unidad','Unid','A'),
('4','Media Docena','MD','A'),
('5','Kilogramos','Kg','A'),
('6','Litros','l','A'),
('7','Metros','m','A'),
('8','Cajas','Box','A'),
('9','Bolsas','Bol','A');

COMMIT;

-- -----------------------------------------------------
-- Data for table `episerp`.`en_p1m_usuario`
-- -----------------------------------------------------
START TRANSACTION;
USE `episerp`;
INSERT INTO `episerp`.`en_p1m_usuario`
(`UsuCod`,`UsuNom`,`UsuApePat`,`UsuApeMat`,`UsuLog`,`UsuPas`,`CanUsuCod`,`TipUsuCod`,
`SucCod`,`UsuFecNac`,`EstCivCod`,`UsuSex`,`LisPreCod`,`UniTraCod`,`EstRegCod`)
VALUES 
('01-0001', 'Administrador', '-', '-', 'admin', '8c6976e5b5410415bde908bd4dee15dfb167a9c873fc4bb8a81f6f2ab448a918', '1', '1', '1','1999-12-30', '1', 'N', '1', '1', 'A'),
('01-0002', 'Vendedor', '-', '-', 'vendedor', 'e8827f3c0bcc90509b7d6841d446b163a671cac807a5f1bf41218667546ce80b', '1', '2', '1','1999-12-30', '1', 'N', '2', '2', 'A');

COMMIT;

-- -----------------------------------------------------
-- Data for table `episerp`.`en_p1m_documento_usuario`
-- -----------------------------------------------------
START TRANSACTION;
USE `episerp`;
INSERT INTO `episerp`.`en_p1m_documento_usuario`
(`UsuCod`,`TipDocUsuCod`,`DocUsuNum`,`EstRegCod`)
VALUES
('01-0001', '1', '00000001', 'A'),
('01-0002', '1', '00000002', 'A');

COMMIT;

-- -----------------------------------------------------
-- Data for table `episerp`.`en_p1m_cliente`
-- -----------------------------------------------------
START TRANSACTION;
USE `episerp`;
INSERT INTO `episerp`.`en_p1m_cliente`
(`CliCod`,`TipCliCod`,`CanCliCod`,`CliRazSoc`,`CliNomCom`,`CliDomFis`,`CliNom`,`CliApePat`,
`CliApeMat`,`CliSex`,`CliDir`,`EstCivCod`,`CliTelFij`,`CliTelCel`,`CliEmail`,`EstRegCod`)
VALUES
('0101001', '1', '1', 'BORJAS ROMERO MARTIN', 'BORJAS ROMERO MARTIN', 'URB. BELLO HORIZONTE  K-1              _', '-', '-', '-', 'N', 'URB. BELLO HORIZONTE  K-1              _', '1', '-', '-', '-', 'A'),
('0101002', '1', '1', 'MANRIQUE ZUÑIGA DOLLY CARMELA', 'MANRIQUE ZUÑIGA DOLLY CARMELA', 'URB STA ROSA DE LIMA Y-10 CERRO COLORADO', '-', '-', '-', 'N', 'URB STA ROSA DE LIMA Y-10 CERRO COLORADO', '1', '-', '-', '-', 'A'),
('0101003', '1', '1', 'TICONA QUISPE ROBERTO', 'TICONA QUISPE ROBERTO', 'URB. LOS CARDENALES II LOT-4           _', '-', '-', '-', 'N', 'URB. LOS CARDENALES II LOT-4           _', '1', '-', '-', '-', 'A'),
('0101004', '1', '1', 'MONTOYA SAMALVIDES JORGE ALEXANDER', 'MONTOYA SAMALVIDES JORGE ALEXANDER', 'URB. PIEDRA SANTA J-1  F PRIMERA ETAPA _', '-', '-', '-', 'N', 'URB. PIEDRA SANTA J-1  F PRIMERA ETAPA _', '1', '-', '-', '-', 'A'),
('0101005', '1', '1', 'PRIETO ASCUÑA LUIS LUCIANO', 'PRIETO ASCUÑA LUIS LUCIANO', 'URB. AURORA 1-4                        _', '-', '-', '-', 'N', 'URB. AURORA 1-4                        _', '1', '-', '-', '-', 'A'),
('0101006', '1', '1', 'RENDON ROJAS ROCIO KATTERINE', 'RENDON ROJAS ROCIO KATTERINE', 'TRONCHADERO 813 DPTO 202               _', '-', '-', '-', 'N', 'TRONCHADERO 813 DPTO 202               _', '1', '-', '-', '-', 'A'),
('0101007', '1', '1', 'GUZMAN VERA WILLIAM', 'GUZMAN VERA WILLIAM', 'MIGUEL GRAU 508 CAYMA                  _', '-', '-', '-', 'N', 'MIGUEL GRAU 508 CAYMA                  _', '1', '-', '-', '-', 'A'),
('0101008', '1', '1', 'ZUÑIGA IRIARTE FRANCISCO', 'ZUÑIGA IRIARTE FRANCISCO', 'LAS BUGAMBILLAS H-17 TACNA             _', '-', '-', '-', 'N', 'LAS BUGAMBILLAS H-17 TACNA             _', '1', '-', '-', '-', 'A'),
('0101009', '1', '1', 'DIAZ JARA ALMONTE ANGELA MARIA', 'DIAZ JARA ALMONTE ANGELA MARIA', 'SAN MARTIN 858                         _', '-', '-', '-', 'N', 'SAN MARTIN 858                         _', '1', '-', '-', '-', 'A'),
('0101010', '1', '1', 'CHOQUE HUIZA ROMAN GONZALO', 'CHOQUE HUIZA ROMAN GONZALO', 'AV. FRANCISCO MOSTAJO A-1  ASA         _', '-', '-', '-', 'N', 'AV. FRANCISCO MOSTAJO A-1  ASA         _', '1', '-', '-', '-', 'A'),
('0101011', '1', '1', 'VALDIVIA BERMEJO ALFREDO BENJAMIN', 'VALDIVIA BERMEJO ALFREDO BENJAMIN', 'URB. VALLE BLANCO 3RA ETAPA TORRE 11 DPT', '-', '-', '-', 'N', 'URB. VALLE BLANCO 3RA ETAPA TORRE 11 DPT', '1', '-', '-', '-', 'A'),
('0101012', '1', '1', 'LUDEÑA GUZMAN VICTOR WILFREDO', 'LUDEÑA GUZMAN VICTOR WILFREDO', 'URB. TACNA E-3 TACNA                   _', '-', '-', '-', 'N', 'URB. TACNA E-3 TACNA                   _', '1', '-', '-', '-', 'A'),
('0101013', '1', '1', 'PACHECO ALPONTE ROGELIO', 'PACHECO ALPONTE ROGELIO', 'CALLE AYACUCHO 535                     _', '-', '-', '-', 'N', 'CALLE AYACUCHO 535                     _', '1', '-', '-', '-', 'A'),
('0101014', '1', '1', 'TICONA MAQUERA FROYLAN', 'TICONA MAQUERA FROYLAN', 'CP NATIVIDAD CALLE LOS ANGELES 2194    _', '-', '-', '-', 'N', 'CP NATIVIDAD CALLE LOS ANGELES 2194    _', '1', '-', '-', '-', 'A'),
('0101015', '1', '1', 'OBANDO VELARDE JESUS ENRIQUE', 'OBANDO VELARDE JESUS ENRIQUE', 'AGRUP. ROSA ARA B-306                  _', '-', '-', '-', 'N', 'AGRUP. ROSA ARA B-306                  _', '1', '-', '-', '-', 'A'),
('0101016', '1', '1', 'GONZALES ESCUDERO LUIZ ADOLFO', 'GONZALES ESCUDERO LUIZ ADOLFO', 'CALLE TRONCHADERO 115 DEPTO. 6         _', '-', '-', '-', 'N', 'CALLE TRONCHADERO 115 DEPTO. 6         _', '1', '-', '-', '-', 'A'),
('0101017', '1', '1', 'CARLIN MORA YEFFRI', 'CARLIN MORA YEFFRI', 'URB. QUINTA MEDITERRANEO D-2 2DO PISO  _', '-', '-', '-', 'N', 'URB. QUINTA MEDITERRANEO D-2 2DO PISO  _', '1', '-', '-', '-', 'A'),
('0101018', '1', '1', 'MANZANEDA CABALA EDUARDO JUAN', 'MANZANEDA CABALA EDUARDO JUAN', 'URB. JORGE BASADRE B-1 CAYMA           _', '-', '-', '-', 'N', 'URB. JORGE BASADRE B-1 CAYMA           _', '1', '-', '-', '-', 'A'),
('0101019', '1', '1', 'ARAMAYO VALDIVIA RAUL', 'ARAMAYO VALDIVIA RAUL', 'CALLE JERUSALEN 201 D DPTO 301         _', '-', '-', '-', 'N', 'CALLE JERUSALEN 201 D DPTO 301         _', '1', '-', '-', '-', 'A'),
('0101020', '1', '1', 'NUÑEZ SOTO RUBEN ALBERTO', 'NUÑEZ SOTO RUBEN ALBERTO', 'URB. EL ROSARIO Q-3 II ETAPA           _', '-', '-', '-', 'N', 'URB. EL ROSARIO Q-3 II ETAPA           _', '1', '-', '-', '-', 'A'),
('0101021', '1', '1', 'LUNA FERNANDEZ CIRILO', 'LUNA FERNANDEZ CIRILO', 'CIUDAD MUNICIPAL MZ G-03 CERRO COLORADO_', '-', '-', '-', 'N', 'CIUDAD MUNICIPAL MZ G-03 CERRO COLORADO_', '1', '-', '-', '-', 'A'),
('0101022', '1', '1', 'DELGADO COASACA JAIME ENRIQUE', 'DELGADO COASACA JAIME ENRIQUE', 'SANTIAGO MAMANI 116 LA RINCONADA       _', '-', '-', '-', 'N', 'SANTIAGO MAMANI 116 LA RINCONADA       _', '1', '-', '-', '-', 'A'),
('0101023', '1', '1', 'HUAMAN MENDOZA YRMA', 'HUAMAN MENDOZA YRMA', 'URB. VILLA MAGISTERIAL MZ-K LOT 6      _', '-', '-', '-', 'N', 'URB. VILLA MAGISTERIAL MZ-K LOT 6      _', '1', '-', '-', '-', 'A'),
('0101024', '1', '1', 'CHECA VASQUEZ JHON', 'CHECA VASQUEZ JHON', 'ARGENTINA 200 URB. FECIA               _', '-', '-', '-', 'N', 'ARGENTINA 200 URB. FECIA               _', '1', '-', '-', '-', 'A'),
('0101025', '1', '1', 'CHOQUEHUANCA LOPEZ REYNALDO', 'CHOQUEHUANCA LOPEZ REYNALDO', 'URB. QUINTA TRISTAN  Z2 - 5            _', '-', '-', '-', 'N', 'URB. QUINTA TRISTAN  Z2 - 5            _', '1', '-', '-', '-', 'A'),
('0101026', '1', '1', 'VALER RADO FRANCISCA', 'VALER RADO FRANCISCA', 'VILLA LAS CANTERAS MZ- C LOTE-15       _', '-', '-', '-', 'N', 'VILLA LAS CANTERAS MZ- C LOTE-15       _', '1', '-', '-', '-', 'A'),
('0101027', '1', '1', 'ARISMENDI SAMANEZ HECTOR RAFAEL', 'ARISMENDI SAMANEZ HECTOR RAFAEL', 'URB. AMPLIACION LA NEGRITA B-15 AREQUIPA', '-', '-', '-', 'N', 'URB. AMPLIACION LA NEGRITA B-15 AREQUIPA', '1', '-', '-', '-', 'A'),
('0101028', '1', '1', 'LOPEZ CORNEJO KATHERINE', 'LOPEZ CORNEJO KATHERINE', 'CALLE LIMA 611                         _', '-', '-', '-', 'N', 'CALLE LIMA 611                         _', '1', '-', '-', '-', 'A'),
('0101029', '1', '1', 'VENTOCILLA TRINIDAD ADAN CELSO', 'VENTOCILLA TRINIDAD ADAN CELSO', 'URB. MIRASOL F-9                       _', '-', '-', '-', 'N', 'URB. MIRASOL F-9                       _', '1', '-', '-', '-', 'A'),
('0101030', '1', '1', 'LUQUE ROMERO JOSE CARLOS', 'LUQUE ROMERO JOSE CARLOS', 'AV. MANUEL C. DE LA TORRE 29-A         _', '-', '-', '-', 'N', 'AV. MANUEL C. DE LA TORRE 29-A         _', '1', '-', '-', '-', 'A'),
('0101031', '1', '1', 'CHURATA CHIPANA SANTIAGO', 'CHURATA CHIPANA SANTIAGO', 'FONAVI II A1-6                         _', '-', '-', '-', 'N', 'FONAVI II A1-6                         _', '1', '-', '-', '-', 'A'),
('0101032', '1', '1', 'CHOQUE SAYRITUPA GUILLERMO', 'CHOQUE SAYRITUPA GUILLERMO', 'URB STA MARIA A-20 LAMBRAMANI J.L.B. Y R', '-', '-', '-', 'N', 'URB STA MARIA A-20 LAMBRAMANI J.L.B. Y R', '1', '-', '-', '-', 'A'),
('0101033', '1', '1', 'SOCOLICH GUZMAN EDMUNDO', 'SOCOLICH GUZMAN EDMUNDO', 'CHULLO  # 1012                         _', '-', '-', '-', 'N', 'CHULLO  # 1012                         _', '1', '-', '-', '-', 'A'),
('0101034', '1', '1', 'ROJAS PEROCHENA JESUS', 'ROJAS PEROCHENA JESUS', 'ROSASPATA 525                          _', '-', '-', '-', 'N', 'ROSASPATA 525                          _', '1', '-', '-', '-', 'A'),
('0101035', '1', '1', 'DIAZ POSTIGO POMPEYO OBDULIO', 'DIAZ POSTIGO POMPEYO OBDULIO', 'VILLA BOTIFLACA B - 17 8 CUAJONE       _', '-', '-', '-', 'N', 'VILLA BOTIFLACA B - 17 8 CUAJONE       _', '1', '-', '-', '-', 'A'),
('0101036', '1', '1', 'LLERENA RODRIGUEZ RENE', 'LLERENA RODRIGUEZ RENE', 'CALLE TORATA N§47 VILLA CUAJON         _', '-', '-', '-', 'N', 'CALLE TORATA N§47 VILLA CUAJON         _', '1', '-', '-', '-', 'A'),
('0101037', '1', '1', 'SALAZAR MAYTA ELADIO AGAPITO', 'SALAZAR MAYTA ELADIO AGAPITO', 'URB. VILLA EL PRADO K-1                _', '-', '-', '-', 'N', 'URB. VILLA EL PRADO K-1                _', '1', '-', '-', '-', 'A'),
('0101038', '1', '1', 'TURRIATE ALMESTAR MIGUEL', 'TURRIATE ALMESTAR MIGUEL', 'URB.EL ROSARIO 2                       _', '-', '-', '-', 'N', 'URB.EL ROSARIO 2                       _', '1', '-', '-', '-', 'A'),
('0101039', '1', '1', 'HUAMAN AMAO ALICIA', 'HUAMAN AMAO ALICIA', 'AV 28 DE JULIO                         _', '-', '-', '-', 'N', 'AV 28 DE JULIO                         _', '1', '-', '-', '-', 'A'),
('0101040', '1', '1', 'CORTEZ ZUÑIGA TEOFILO', 'CORTEZ ZUÑIGA TEOFILO', 'CIUDAD NUEVA H 50 DPTO 8               _', '-', '-', '-', 'N', 'CIUDAD NUEVA H 50 DPTO 8               _', '1', '-', '-', '-', 'A'),
('0101041', '1', '1', 'CAM MUÑOZ GRICEL ESMILDSA', 'CAM MUÑOZ GRICEL ESMILDSA', 'JR. AMANCAESS 176 DPTO 202             _', '-', '-', '-', 'N', 'JR. AMANCAESS 176 DPTO 202             _', '1', '-', '-', '-', 'A'),
('0101042', '1', '1', 'DELGADO SILVA JORGE MARTIN', 'DELGADO SILVA JORGE MARTIN', 'URB. FRANK MICHELL C-4                 _', '-', '-', '-', 'N', 'URB. FRANK MICHELL C-4                 _', '1', '-', '-', '-', 'A'),
('0101043', '1', '1', 'GUETAT CARPIO ARMANDO ROSAS', 'GUETAT CARPIO ARMANDO ROSAS', 'URB. PIEDRA SANTA K1-3 I ETAPA         _', '-', '-', '-', 'N', 'URB. PIEDRA SANTA K1-3 I ETAPA         _', '1', '-', '-', '-', 'A'),
('0101044', '1', '1', 'CERVANTES CAMARA JIMMY GLEN', 'CERVANTES CAMARA JIMMY GLEN', 'URB. SANTA TERESA H-7                  _', '-', '-', '-', 'N', 'URB. SANTA TERESA H-7                  _', '1', '-', '-', '-', 'A'),
('0101045', '1', '1', 'HUACAN MAMANI PATRICIA SADI', 'HUACAN MAMANI PATRICIA SADI', 'URB. MARIANO LIMA URQUIETA A-16        _', '-', '-', '-', 'N', 'URB. MARIANO LIMA URQUIETA A-16        _', '1', '-', '-', '-', 'A'),
('0101046', '1', '1', 'EGO AGUIRRE CALDERON CLAUDIO MARTIN', 'EGO AGUIRRE CALDERON CLAUDIO MARTIN', 'CALLE TACNA 505                        _', '-', '-', '-', 'N', 'CALLE TACNA 505                        _', '1', '-', '-', '-', 'A'),
('0101047', '1', '1', 'MONTALVO NUÑEZ ERICK ANTONIO', 'MONTALVO NUÑEZ ERICK ANTONIO', 'CALLE ILO 232 2DO PISO ZONA SUR        _', '-', '-', '-', 'N', 'CALLE ILO 232 2DO PISO ZONA SUR        _', '1', '-', '-', '-', 'A'),
('0101048', '1', '1', 'MELGAR FERNANDEZ OLGA JAMILETH', 'MELGAR FERNANDEZ OLGA JAMILETH', 'URB. JUAN PABLO VIZCARRA Y GUZMAN C8 JOS', '-', '-', '-', 'N', 'URB. JUAN PABLO VIZCARRA Y GUZMAN C8 JOS', '1', '-', '-', '-', 'A'),
('0101049', '1', '1', 'MORENO ECONEMA MARCOS', 'MORENO ECONEMA MARCOS', 'CALLE JUAN MANUEL POLAR NRO 101 URB. 4 _', '-', '-', '-', 'N', 'CALLE JUAN MANUEL POLAR NRO 101 URB. 4 _', '1', '-', '-', '-', 'A'),
('0101050', '1', '1', 'LEVA PILLCO RAUL', 'LEVA PILLCO RAUL', 'AV ALFONSO UGARTE 536 AREQUIPA         _', '-', '-', '-', 'N', 'AV ALFONSO UGARTE 536 AREQUIPA         _', '1', '-', '-', '-', 'A'),
('0101051', '1', '1', 'RAMIREZ ATENCIO ABEL FELIPE', 'RAMIREZ ATENCIO ABEL FELIPE', 'AV. LA FLORIDA 111 HUARANGUILLO        _', '-', '-', '-', 'N', 'AV. LA FLORIDA 111 HUARANGUILLO        _', '1', '-', '-', '-', 'A'),
('0101052', '1', '1', 'GARAY SOSA MOISES', 'GARAY SOSA MOISES', 'AREQUIPA                               _', '-', '-', '-', 'N', 'AREQUIPA                               _', '1', '-', '-', '-', 'A'),
('0101053', '1', '1', 'VALENCIA CALAPEÑA ALFREDO', 'VALENCIA CALAPEÑA ALFREDO', 'AV. LA UNION  - MARISCAL CASTILLLA PACHA', '-', '-', '-', 'N', 'AV. LA UNION  - MARISCAL CASTILLLA PACHA', '1', '-', '-', '-', 'A'),
('0101054', '1', '1', 'FERNANDEZ ZEVALLOS PEDRO HERACLIDES', 'FERNANDEZ ZEVALLOS PEDRO HERACLIDES', 'AV AVIACION KM 7                       _', '-', '-', '-', 'N', 'AV AVIACION KM 7                       _', '1', '-', '-', '-', 'A'),
('0101055', '1', '1', 'OCHARAN MIRANDA ABRAHAN AMERICO', 'OCHARAN MIRANDA ABRAHAN AMERICO', 'AV. JAVIER PRADO 7137 LA MOLINA        _', '-', '-', '-', 'N', 'AV. JAVIER PRADO 7137 LA MOLINA        _', '1', '-', '-', '-', 'A'),
('0101056', '1', '1', 'RIVERA VELAZQUEZ RAUL', 'RIVERA VELAZQUEZ RAUL', 'URB.LA PLANICIE DE CHALLAPAMPA 6B CERRO_', '-', '-', '-', 'N', 'URB.LA PLANICIE DE CHALLAPAMPA 6B CERRO_', '1', '-', '-', '-', 'A'),
('0101057', '1', '1', 'SULLCA YANQUE CESAR DANIEL', 'SULLCA YANQUE CESAR DANIEL', ' AV. REPUBLICA DE ARGENTINA LA NEGRITA _', '-', '-', '-', 'N', ' AV. REPUBLICA DE ARGENTINA LA NEGRITA _', '1', '-', '-', '-', 'A'),
('0101058', '1', '1', 'SANCHEZ DUEÑAS HECTOR DAVID', 'SANCHEZ DUEÑAS HECTOR DAVID', 'LOS ARCES 470                          _', '-', '-', '-', 'N', 'LOS ARCES 470                          _', '1', '-', '-', '-', 'A'),
('0101059', '1', '1', 'CORRALES NIEVES CABRERA GONZALO JAVIER', 'CORRALES NIEVES CABRERA GONZALO JAVIER', 'URB. CASABELLA /A-5 CHALLAPAMPA        _', '-', '-', '-', 'N', 'URB. CASABELLA /A-5 CHALLAPAMPA        _', '1', '-', '-', '-', 'A'),
('0101060', '1', '1', 'VALDIVIA HOHORQUEZ ROBERTO DAMIAN', 'VALDIVIA HOHORQUEZ ROBERTO DAMIAN', 'C. VALLEJO-PASTILLO MZ  C LOT-05       _', '-', '-', '-', 'N', 'C. VALLEJO-PASTILLO MZ  C LOT-05       _', '1', '-', '-', '-', 'A'),
('0101061', '1', '1', 'TORRICO DE RICHARDS LOPEZ MARCELA CRISTI', 'TORRICO DE RICHARDS LOPEZ MARCELA CRISTI', 'LA LOMADA 121 CHALLAPAMPA              _', '-', '-', '-', 'N', 'LA LOMADA 121 CHALLAPAMPA              _', '1', '-', '-', '-', 'A'),
('0101062', '1', '1', 'CASTRO GUZMAN CESAR', 'CASTRO GUZMAN CESAR', 'JR.DON BOSCO 371 DPTO.101              _', '-', '-', '-', 'N', 'JR.DON BOSCO 371 DPTO.101              _', '1', '-', '-', '-', 'A'),
('0101063', '1', '1', 'CASTRO GUZMAN CESAR', 'CASTRO GUZMAN CESAR', 'JR. DON BOSCO 371 DPTO 101             _', '-', '-', '-', 'N', 'JR. DON BOSCO 371 DPTO 101             _', '1', '-', '-', '-', 'A'),
('0101064', '1', '1', 'MENENDEZ LUQUE CARLOS ALFREDO', 'MENENDEZ LUQUE CARLOS ALFREDO', 'PROLG. RAMON CASTILLA 1000 A           _', '-', '-', '-', 'N', 'PROLG. RAMON CASTILLA 1000 A           _', '1', '-', '-', '-', 'A'),
('0101065', '1', '1', 'VERASTEGUI CASTILLO CARLOS ALBERTO', 'VERASTEGUI CASTILLO CARLOS ALBERTO', 'PASAJE JOSE SEGUNDO ROCA 347   COMAS   _', '-', '-', '-', 'N', 'PASAJE JOSE SEGUNDO ROCA 347   COMAS   _', '1', '-', '-', '-', 'A'),
('0101066', '1', '1', 'GONZALEZ TORO VICTOR MANUEL', 'GONZALEZ TORO VICTOR MANUEL', 'GARCILAZO DE LA VEGA 109 DPTO 402      _', '-', '-', '-', 'N', 'GARCILAZO DE LA VEGA 109 DPTO 402      _', '1', '-', '-', '-', 'A'),
('0101067', '1', '1', 'ACOSTA CALVO MARINO', 'ACOSTA CALVO MARINO', 'URB. ADUCA D-2 CERRO COLORADO          _', '-', '-', '-', 'N', 'URB. ADUCA D-2 CERRO COLORADO          _', '1', '-', '-', '-', 'A'),
('0101068', '1', '1', 'ARESTEGUI CAMPOS MARILUZ', 'ARESTEGUI CAMPOS MARILUZ', 'AV.OLAVE GOYA Nº 1835 DPTO 206 J.L.B. Y_', '-', '-', '-', 'N', 'AV.OLAVE GOYA Nº 1835 DPTO 206 J.L.B. Y_', '1', '-', '-', '-', 'A'),
('0101069', '1', '1', 'NICHOLSON SANZ URSULA.', 'NICHOLSON SANZ URSULA.', 'PASAJE ANGAMOS 207 YANAHUARA           _', '-', '-', '-', 'N', 'PASAJE ANGAMOS 207 YANAHUARA           _', '1', '-', '-', '-', 'A'),
('0101070', '1', '1', 'IANNACONE RODRIGO OSCAR', 'IANNACONE RODRIGO OSCAR', 'CALL.GENERAL MORAN 314-B C.COLORADO    _', '-', '-', '-', 'N', 'CALL.GENERAL MORAN 314-B C.COLORADO    _', '1', '-', '-', '-', 'A'),
('0101071', '1', '1', 'CASTRO CASAS CARLOS', 'CASTRO CASAS CARLOS', 'URB EL PALACIO 1 J -18 CASA 15 SACHACA _', '-', '-', '-', 'N', 'URB EL PALACIO 1 J -18 CASA 15 SACHACA _', '1', '-', '-', '-', 'A'),
('0101072', '1', '1', 'SALAZAR STEIGER MIGUEL', 'SALAZAR STEIGER MIGUEL', 'AREQUIPA                               _', '-', '-', '-', 'N', 'AREQUIPA                               _', '1', '-', '-', '-', 'A'),
('0101073', '1', '1', 'CANO TACO BENITO JESUS', 'CANO TACO BENITO JESUS', 'CALLE ATAHUALPA 718 PJ GARCES CHICLAYO _', '-', '-', '-', 'N', 'CALLE ATAHUALPA 718 PJ GARCES CHICLAYO _', '1', '-', '-', '-', 'A'),
('0101074', '1', '1', 'SWAYNE PARRA DEL RIEGO HERNAN CARLOS', 'SWAYNE PARRA DEL RIEGO HERNAN CARLOS', 'CAL KISKAPATA 1000 URB. SAN BLAS       _', '-', '-', '-', 'N', 'CAL KISKAPATA 1000 URB. SAN BLAS       _', '1', '-', '-', '-', 'A'),
('0101075', '1', '1', 'VALLEJOS RODRIGUES JORGE', 'VALLEJOS RODRIGUES JORGE', 'SANTA TEREZA C16                       _', '-', '-', '-', 'N', 'SANTA TEREZA C16                       _', '1', '-', '-', '-', 'A'),
('0101076', '1', '1', 'IRUS DELLEPIAME MARIA SOLEDAD', 'IRUS DELLEPIAME MARIA SOLEDAD', 'URB. EL PALACIO L-9                    _', '-', '-', '-', 'N', 'URB. EL PALACIO L-9                    _', '1', '-', '-', '-', 'A'),
('0101077', '1', '1', 'ZEBALLOS BARONA JOHN ALBERTO', 'ZEBALLOS BARONA JOHN ALBERTO', 'RESIDENCIAL EL GOLF G-4                _', '-', '-', '-', 'N', 'RESIDENCIAL EL GOLF G-4                _', '1', '-', '-', '-', 'A'),
('0101078', '1', '1', 'ESQUIVIAS OTAZU JOSE LUIS', 'ESQUIVIAS OTAZU JOSE LUIS', 'URB. PIEDRA SANTA PRIMERA ETAPA E-16   _', '-', '-', '-', 'N', 'URB. PIEDRA SANTA PRIMERA ETAPA E-16   _', '1', '-', '-', '-', 'A'),
('0101079', '1', '1', 'ALARCON LASTRA JUAN', 'ALARCON LASTRA JUAN', 'LA JOYA BASE AEREA                     _', '-', '-', '-', 'N', 'LA JOYA BASE AEREA                     _', '1', '-', '-', '-', 'A'),
('0101080', '1', '1', 'WADE CHRIS MURRAY', 'WADE CHRIS MURRAY', '1716 AV. CATALINA SEAL BEACH CA 90740  _', '-', '-', '-', 'N', '1716 AV. CATALINA SEAL BEACH CA 90740  _', '1', '-', '-', '-', 'A'),
('0101081', '1', '1', 'VERA VELEZ GONZALO', 'VERA VELEZ GONZALO', 'URB.VILLA MEDICA  DPTO 1204            _', '-', '-', '-', 'N', 'URB.VILLA MEDICA  DPTO 1204            _', '1', '-', '-', '-', 'A'),
('0101082', '1', '1', 'DIAZ RUBATTO JAVIER', 'DIAZ RUBATTO JAVIER', 'ALVAREZ THOMAS 105                     _', '-', '-', '-', 'N', 'ALVAREZ THOMAS 105                     _', '1', '-', '-', '-', 'A'),
('0101083', '1', '1', 'GARCIA WONG KIT RONALD  TOMAS', 'GARCIA WONG KIT RONALD  TOMAS', 'CENTENARIO 179 DPTO B 317              _', '-', '-', '-', 'N', 'CENTENARIO 179 DPTO B 317              _', '1', '-', '-', '-', 'A'),
('0101084', '1', '1', 'OJEDA GUERRA JORGE WASHINGTON', 'OJEDA GUERRA JORGE WASHINGTON', 'URB. LA GRUTA  A-7                     _', '-', '-', '-', 'N', 'URB. LA GRUTA  A-7                     _', '1', '-', '-', '-', 'A'),
('0101085', '1', '1', 'SALDARRIAGA LARA MIGUEL ANGEL', 'SALDARRIAGA LARA MIGUEL ANGEL', 'BELLO HORIZONTE BLOCK H-151 DPTO 8     _', '-', '-', '-', 'N', 'BELLO HORIZONTE BLOCK H-151 DPTO 8     _', '1', '-', '-', '-', 'A'),
('0101086', '1', '1', 'ROJAS SARAVIA DERLY LUIS', 'ROJAS SARAVIA DERLY LUIS', 'CALLE JOSE MARIA MORANTE N° 162        _', '-', '-', '-', 'N', 'CALLE JOSE MARIA MORANTE N° 162        _', '1', '-', '-', '-', 'A'),
('0101087', '1', '1', 'SOTILLO PEREZ VANESSA ELVIRA', 'SOTILLO PEREZ VANESSA ELVIRA', 'CALLE ZELA 805                         _', '-', '-', '-', 'N', 'CALLE ZELA 805                         _', '1', '-', '-', '-', 'A'),
('0101088', '1', '1', 'CONDE VASQUEZ JOSE LUIS', 'CONDE VASQUEZ JOSE LUIS', 'LA FONDA E-16 C.COLORADO               _', '-', '-', '-', 'N', 'LA FONDA E-16 C.COLORADO               _', '1', '-', '-', '-', 'A'),
('0101089', '1', '1', 'SANTILLAN ACOSTA ISABEL', 'SANTILLAN ACOSTA ISABEL', 'C. RIOS 197 AV UGARTE C3               _', '-', '-', '-', 'N', 'C. RIOS 197 AV UGARTE C3               _', '1', '-', '-', '-', 'A'),
('0101090', '1', '1', 'SALAZAR CORDERO JESUS', 'SALAZAR CORDERO JESUS', 'CALLE PERAL 314 DEPT- 401              _', '-', '-', '-', 'N', 'CALLE PERAL 314 DEPT- 401              _', '1', '-', '-', '-', 'A'),
('0101091', '1', '1', 'CHEHADE ROJAS MILKO RAUL', 'CHEHADE ROJAS MILKO RAUL', 'SEBASTIAN BARRANCA 248 CERCADO CAMANA  _', '-', '-', '-', 'N', 'SEBASTIAN BARRANCA 248 CERCADO CAMANA  _', '1', '-', '-', '-', 'A'),
('0101092', '1', '1', 'SANCHEZ FALCONI CARMEN', 'SANCHEZ FALCONI CARMEN', 'CALLE ARICA 674- DTO.501 MIRAFLORES    _', '-', '-', '-', 'N', 'CALLE ARICA 674- DTO.501 MIRAFLORES    _', '1', '-', '-', '-', 'A'),
('0101093', '1', '1', 'RIOFRIO CRISOSTOMO OMAR CESAR', 'RIOFRIO CRISOSTOMO OMAR CESAR', 'RESIDENCIAL CASA BELLA MZ-B LOT 4      _', '-', '-', '-', 'N', 'RESIDENCIAL CASA BELLA MZ-B LOT 4      _', '1', '-', '-', '-', 'A'),
('0101094', '1', '1', 'BRAVO HERRERA CELIA', 'BRAVO HERRERA CELIA', 'URB. LA CANDELARIA CASA 4              _', '-', '-', '-', 'N', 'URB. LA CANDELARIA CASA 4              _', '1', '-', '-', '-', 'A'),
('0101095', '1', '1', 'HUERTAS VELASQUEZ RAMON RAUL', 'HUERTAS VELASQUEZ RAMON RAUL', 'TRONCHADERO 205 DPTO 1                 _', '-', '-', '-', 'N', 'TRONCHADERO 205 DPTO 1                 _', '1', '-', '-', '-', 'A'),
('0101096', '1', '1', 'VALENCIA PEÑALVA JUAN', 'VALENCIA PEÑALVA JUAN', 'URB.MAGISTERIAL 3ETAPA C-26  YANAHUARA _', '-', '-', '-', 'N', 'URB.MAGISTERIAL 3ETAPA C-26  YANAHUARA _', '1', '-', '-', '-', 'A'),
('0101097', '1', '1', 'CHAVEZ BELLIDO JORGE FERNANDO', 'CHAVEZ BELLIDO JORGE FERNANDO', 'CALLE MIGUEL GRAU 308                  _', '-', '-', '-', 'N', 'CALLE MIGUEL GRAU 308                  _', '1', '-', '-', '-', 'A'),
('0101098', '1', '1', 'FERNANDEZ PAIVA MARIA OFELIA', 'FERNANDEZ PAIVA MARIA OFELIA', 'CALLE SAN ANDRES                       _', '-', '-', '-', 'N', 'CALLE SAN ANDRES                       _', '1', '-', '-', '-', 'A'),
('0101099', '1', '1', 'FERNANDEZ MOGROVEJO JOSE ROGELIO', 'FERNANDEZ MOGROVEJO JOSE ROGELIO', 'URB. MONTEBELLO F-11 SACHACA           _', '-', '-', '-', 'N', 'URB. MONTEBELLO F-11 SACHACA           _', '1', '-', '-', '-', 'A'),
('0101100', '1', '1', 'OJEDA PACHECO WILLY', 'OJEDA PACHECO WILLY', 'LOS ANGELES DE CAYMA D-16 CAYM         _', '-', '-', '-', 'N', 'LOS ANGELES DE CAYMA D-16 CAYM         _', '1', '-', '-', '-', 'A'),
('0101101', '1', '1', 'ACURIO VALLE KENNY', 'ACURIO VALLE KENNY', 'MZ.Z LT.3-A URB.LOS ANGELES  CUZCO     _', '-', '-', '-', 'N', 'MZ.Z LT.3-A URB.LOS ANGELES  CUZCO     _', '1', '-', '-', '-', 'A'),
('0101102', '1', '1', 'PONCE BURGOS LUIS ALBERTO', 'PONCE BURGOS LUIS ALBERTO', 'COMERCIO 778                           _', '-', '-', '-', 'N', 'COMERCIO 778                           _', '1', '-', '-', '-', 'A'),
('0101103', '1', '1', 'ZAMBRANO LUZA JOSE CARLOS', 'ZAMBRANO LUZA JOSE CARLOS', 'CALLE LOS GLADIOLOS 307 DPTO 201       _', '-', '-', '-', 'N', 'CALLE LOS GLADIOLOS 307 DPTO 201       _', '1', '-', '-', '-', 'A'),
('0101104', '1', '1', 'TAPIA ARAUJO MARCO ANTONIO', 'TAPIA ARAUJO MARCO ANTONIO', 'UEB.ROSARIO II   I-9  C.COLORADO       _', '-', '-', '-', 'N', 'UEB.ROSARIO II   I-9  C.COLORADO       _', '1', '-', '-', '-', 'A'),
('0101105', '1', '1', 'MOLERO PINO JAVIER', 'MOLERO PINO JAVIER', 'CALLE SOSA RUIZ 719                    _', '-', '-', '-', 'N', 'CALLE SOSA RUIZ 719                    _', '1', '-', '-', '-', 'A'),
('0101106', '1', '1', 'LOPEZ CERVANTES MODESTO RENE', 'LOPEZ CERVANTES MODESTO RENE', 'VALLE BLANCO. PACHACUTEC.              _', '-', '-', '-', 'N', 'VALLE BLANCO. PACHACUTEC.              _', '1', '-', '-', '-', 'A'),
('0101107', '1', '1', 'BRUZ SILVA LUIS ERNESTO', 'BRUZ SILVA LUIS ERNESTO', 'CASA LAGO SAN JOSE QUINTA 3 A-23       _', '-', '-', '-', 'N', 'CASA LAGO SAN JOSE QUINTA 3 A-23       _', '1', '-', '-', '-', 'A'),
('0101108', '1', '1', 'RODRIGUEZ NIETO FELIX FREDY', 'RODRIGUEZ NIETO FELIX FREDY', 'CALLE GONZALES VIJIL 111 UMACO         _', '-', '-', '-', 'N', 'CALLE GONZALES VIJIL 111 UMACO         _', '1', '-', '-', '-', 'A'),
('0101109', '1', '1', 'RODRIGUEZ FREDY', 'RODRIGUEZ FREDY', 'GONZALES VIGIL  111                    _', '-', '-', '-', 'N', 'GONZALES VIGIL  111                    _', '1', '-', '-', '-', 'A'),
('0101110', '1', '1', 'DE TORRES MAYLINCH JOSE LUIS', 'DE TORRES MAYLINCH JOSE LUIS', 'PROLONGACION LOS ARCES 524 DPTO 101    _', '-', '-', '-', 'N', 'PROLONGACION LOS ARCES 524 DPTO 101    _', '1', '-', '-', '-', 'A'),
('0101111', '1', '1', 'OJEDA LAZO LUIS EDGAR', 'OJEDA LAZO LUIS EDGAR', 'CALLE CHULLO 650                       _', '-', '-', '-', 'N', 'CALLE CHULLO 650                       _', '1', '-', '-', '-', 'A'),
('0101112', '1', '1', 'MOROCCO VALERIANO JULIO MARTIN', 'MOROCCO VALERIANO JULIO MARTIN', 'URB. J.P.V Y GUZMAN D-1 IV ETAPA       _', '-', '-', '-', 'N', 'URB. J.P.V Y GUZMAN D-1 IV ETAPA       _', '1', '-', '-', '-', 'A'),
('0101113', '1', '1', 'ZUZUNAGA TORRES HUGO', 'ZUZUNAGA TORRES HUGO', 'PASAJE SANTA ROSA 301 IV CENTENARIO    _', '-', '-', '-', 'N', 'PASAJE SANTA ROSA 301 IV CENTENARIO    _', '1', '-', '-', '-', 'A'),
('0101114', '1', '1', 'BEGAZO GARCIA RAUL', 'BEGAZO GARCIA RAUL', 'P. OLAVIDE N§ 221 PABLO VI             _', '-', '-', '-', 'N', 'P. OLAVIDE N§ 221 PABLO VI             _', '1', '-', '-', '-', 'A'),
('0101115', '1', '1', 'CERVANTES CASTILLO RAFAEL ANDRES', 'CERVANTES CASTILLO RAFAEL ANDRES', 'LA PLANICIE DE CHALLAPAMPA NRO 21      _', '-', '-', '-', 'N', 'LA PLANICIE DE CHALLAPAMPA NRO 21      _', '1', '-', '-', '-', 'A'),
('0101116', '1', '1', 'CARPIO ZAVALA CESAR', 'CARPIO ZAVALA CESAR', 'COOP. DE INGENIEROS K-4                _', '-', '-', '-', 'N', 'COOP. DE INGENIEROS K-4                _', '1', '-', '-', '-', 'A'),
('0101117', '1', '1', 'MORALES LIX CESAR EDGARDO', 'MORALES LIX CESAR EDGARDO', 'URB. TAHUAYCANI F-20 B                 _', '-', '-', '-', 'N', 'URB. TAHUAYCANI F-20 B                 _', '1', '-', '-', '-', 'A'),
('0101118', '1', '1', 'MARTINEZ MARAZA JUAN FELIX', 'MARTINEZ MARAZA JUAN FELIX', 'PSJ. CRISTALES 114                     _', '-', '-', '-', 'N', 'PSJ. CRISTALES 114                     _', '1', '-', '-', '-', 'A'),
('0101119', '1', '1', 'MENDOZA PAREDES HYREDE', 'MENDOZA PAREDES HYREDE', 'URB. LOS POSRTALES C-5                 _', '-', '-', '-', 'N', 'URB. LOS POSRTALES C-5                 _', '1', '-', '-', '-', 'A'),
('0101120', '1', '1', 'QUINTANILLA PEREZ ALONSO MARIA', 'QUINTANILLA PEREZ ALONSO MARIA', 'CAL. ANTONIO RAYMONDI 114 URB. LOS PINOS', '-', '-', '-', 'N', 'CAL. ANTONIO RAYMONDI 114 URB. LOS PINOS', '1', '-', '-', '-', 'A'),
('0101121', '1', '1', 'ZEGARRA BALLON DAMIANI OSCAR ADOLFO', 'ZEGARRA BALLON DAMIANI OSCAR ADOLFO', 'LUNA PIZARRO 968  URB. LOS PIN         _', '-', '-', '-', 'N', 'LUNA PIZARRO 968  URB. LOS PIN         _', '1', '-', '-', '-', 'A'),
('0101122', '1', '1', 'BUSTAMANTE HAEBERLE JUAN DIEGO', 'BUSTAMANTE HAEBERLE JUAN DIEGO', 'CAYMA                                  _', '-', '-', '-', 'N', 'CAYMA                                  _', '1', '-', '-', '-', 'A'),
('0101123', '1', '1', 'HERRERA VELARDE LUIS', 'HERRERA VELARDE LUIS', 'CIRO ALEGRIA 103 AREQUIPA              _', '-', '-', '-', 'N', 'CIRO ALEGRIA 103 AREQUIPA              _', '1', '-', '-', '-', 'A'),
('0101124', '1', '1', 'PEREZ REBAZA MARIA GABRIELA', 'PEREZ REBAZA MARIA GABRIELA', 'URB. EL PALACIO G-12 2DA. ETAP         _', '-', '-', '-', 'N', 'URB. EL PALACIO G-12 2DA. ETAP         _', '1', '-', '-', '-', 'A'),
('0101125', '1', '1', 'ZEGARRA BALLON CARLOS EDILBERTO', 'ZEGARRA BALLON CARLOS EDILBERTO', 'URB. LOS PINOS MZ.A - LT.12            _', '-', '-', '-', 'N', 'URB. LOS PINOS MZ.A - LT.12            _', '1', '-', '-', '-', 'A'),
('0101126', '1', '1', 'NUÑEZ DAVILA ANDRES ELISEO', 'NUÑEZ DAVILA ANDRES ELISEO', 'URB. SAN AGUSTIN D-26                  _', '-', '-', '-', 'N', 'URB. SAN AGUSTIN D-26                  _', '1', '-', '-', '-', 'A'),
('0101127', '1', '1', 'DELGADO RONDON PERCY RICARDO', 'DELGADO RONDON PERCY RICARDO', 'SAN RAFAEL 134 URB. LOS ANGELES        _', '-', '-', '-', 'N', 'SAN RAFAEL 134 URB. LOS ANGELES        _', '1', '-', '-', '-', 'A'),
('0101128', '1', '1', 'BERNAL DE ARENAS MIRIAN INES', 'BERNAL DE ARENAS MIRIAN INES', 'URB. 12 DE OCTUBRE F-27 C. COLORADO    _', '-', '-', '-', 'N', 'URB. 12 DE OCTUBRE F-27 C. COLORADO    _', '1', '-', '-', '-', 'A'),
('0101129', '1', '1', 'VILLAVICENCIO GONZALES JULIO CESAR', 'VILLAVICENCIO GONZALES JULIO CESAR', 'LAS BUGANVILAS E-4 C.COLORADO          _', '-', '-', '-', 'N', 'LAS BUGANVILAS E-4 C.COLORADO          _', '1', '-', '-', '-', 'A'),
('0101130', '1', '1', 'MANRIQUE GARCIA JOSE MARIA', 'MANRIQUE GARCIA JOSE MARIA', 'JUAN PABLO VIZCARDO Y GUZMAN 2da. ETAPA_', '-', '-', '-', 'N', 'JUAN PABLO VIZCARDO Y GUZMAN 2da. ETAPA_', '1', '-', '-', '-', 'A'),
('0101131', '1', '1', 'BELAUNDE PORTUGAL JULIO CESAR', 'BELAUNDE PORTUGAL JULIO CESAR', 'CALLE LOS ALTITOS 5 DE CAYMA           _', '-', '-', '-', 'N', 'CALLE LOS ALTITOS 5 DE CAYMA           _', '1', '-', '-', '-', 'A'),
('0101132', '1', '1', 'LEON JUAREZ DIANA', 'LEON JUAREZ DIANA', 'URB.PRIMAVERA CALLE LOS JASMINES 233 YAN', '-', '-', '-', 'N', 'URB.PRIMAVERA CALLE LOS JASMINES 233 YAN', '1', '-', '-', '-', 'A'),
('0101133', '1', '1', 'TAPIA RIVEROS GUILLERMO ALFONZO', 'TAPIA RIVEROS GUILLERMO ALFONZO', 'COOP. FRANK W.MICHELL MZ-D LOT-33      _', '-', '-', '-', 'N', 'COOP. FRANK W.MICHELL MZ-D LOT-33      _', '1', '-', '-', '-', 'A'),
('0101134', '1', '1', 'ZEA PALACIOS ALEXIS', 'ZEA PALACIOS ALEXIS', 'LOS VILCOS B-10                        _', '-', '-', '-', 'N', 'LOS VILCOS B-10                        _', '1', '-', '-', '-', 'A'),
('0101135', '1', '1', 'ZEGARRA CORDOVA MANUEL NOLBERTO', 'ZEGARRA CORDOVA MANUEL NOLBERTO', 'CALLE JOSE ANTONIO TABUHADA-QUINTA TABUA', '-', '-', '-', 'N', 'CALLE JOSE ANTONIO TABUHADA-QUINTA TABUA', '1', '-', '-', '-', 'A'),
('0101136', '1', '1', 'VALENCIA NUÑEZ JAVIER', 'VALENCIA NUÑEZ JAVIER', 'PSTE. BOLIVAR 111                      _', '-', '-', '-', 'N', 'PSTE. BOLIVAR 111                      _', '1', '-', '-', '-', 'A'),
('0101137', '1', '1', 'LLERENA AMES ALICIA PATRICIA', 'LLERENA AMES ALICIA PATRICIA', 'LAS AMATISTAS 413- SAN JERONIMO        _', '-', '-', '-', 'N', 'LAS AMATISTAS 413- SAN JERONIMO        _', '1', '-', '-', '-', 'A'),
('0101138', '1', '1', 'CHIRINOS BEJARANO CARLOS JAVIER', 'CHIRINOS BEJARANO CARLOS JAVIER', 'URB. MICHELL D-35                      _', '-', '-', '-', 'N', 'URB. MICHELL D-35                      _', '1', '-', '-', '-', 'A'),
('0101139', '1', '1', 'UYEN GORDILLO CESAR DARIO', 'UYEN GORDILLO CESAR DARIO', 'LOS ARCES 470 E-101                    _', '-', '-', '-', 'N', 'LOS ARCES 470 E-101                    _', '1', '-', '-', '-', 'A'),
('0101140', '1', '1', 'BUSTAMANTE ZEGARRA LUIS ALBERTO', 'BUSTAMANTE ZEGARRA LUIS ALBERTO', 'AREQUIPA                               _', '-', '-', '-', 'N', 'AREQUIPA                               _', '1', '-', '-', '-', 'A'),
('0101141', '1', '1', 'ARAGON VILLENA PEDRO', 'ARAGON VILLENA PEDRO', 'URB. MIRASOL DE CAYMA C-17             _', '-', '-', '-', 'N', 'URB. MIRASOL DE CAYMA C-17             _', '1', '-', '-', '-', 'A'),
('0101142', '1', '1', 'NUÑEZ BERRIOS ALBERTO', 'NUÑEZ BERRIOS ALBERTO', 'URB. LINDA VISTA  A-5 DPTO 1 LOS ARCES _', '-', '-', '-', 'N', 'URB. LINDA VISTA  A-5 DPTO 1 LOS ARCES _', '1', '-', '-', '-', 'A'),
('0101143', '1', '1', 'CORNEJO DEL CARPIO ALEJANDRA ISABEL', 'CORNEJO DEL CARPIO ALEJANDRA ISABEL', 'LOS ARCES 257-A CUARTO PISO            _', '-', '-', '-', 'N', 'LOS ARCES 257-A CUARTO PISO            _', '1', '-', '-', '-', 'A'),
('0101144', '1', '1', 'LAZARTE VALCARCEL NANCY', 'LAZARTE VALCARCEL NANCY', 'CALLE ANDRES BELAUNDE 103              _', '-', '-', '-', 'N', 'CALLE ANDRES BELAUNDE 103              _', '1', '-', '-', '-', 'A'),
('0101145', '1', '1', 'VALDIVIA MUÑOZ ARLENE', 'VALDIVIA MUÑOZ ARLENE', 'URB. ADEPA C-9 J.LUIS BUSTAMANTE Y RIVER', '-', '-', '-', 'N', 'URB. ADEPA C-9 J.LUIS BUSTAMANTE Y RIVER', '1', '-', '-', '-', 'A'),
('0101146', '1', '1', 'CARDENAS PALOMINO WILFREDO', 'CARDENAS PALOMINO WILFREDO', 'URB. LA ENCANTADA N° 6                 _', '-', '-', '-', 'N', 'URB. LA ENCANTADA N° 6                 _', '1', '-', '-', '-', 'A'),
('0101147', '1', '1', 'RENDON ZUÑIGA DE CHAVEZ YENNY NILDRED', 'RENDON ZUÑIGA DE CHAVEZ YENNY NILDRED', 'URB. EL LAGO B-2                       _', '-', '-', '-', 'N', 'URB. EL LAGO B-2                       _', '1', '-', '-', '-', 'A'),
('0101148', '1', '1', 'CALDERON ROMERO FERNANDO ALBERTO', 'CALDERON ROMERO FERNANDO ALBERTO', 'AV. AREQUIPA  3051 DPTO 201 SAN ISIDRO _', '-', '-', '-', 'N', 'AV. AREQUIPA  3051 DPTO 201 SAN ISIDRO _', '1', '-', '-', '-', 'A'),
('0101149', '1', '1', 'RIVERA VELA JULIO CESAR', 'RIVERA VELA JULIO CESAR', 'URB.LA MERCED C-12                     _', '-', '-', '-', 'N', 'URB.LA MERCED C-12                     _', '1', '-', '-', '-', 'A'),
('0101150', '1', '1', 'FLORES GONZALES MARIO IGNACIO', 'FLORES GONZALES MARIO IGNACIO', 'CALLE ANCON 200-A YANAHIAR             _', '-', '-', '-', 'N', 'CALLE ANCON 200-A YANAHIAR             _', '1', '-', '-', '-', 'A'),
('0101151', '1', '1', 'CARRILLO MERMA OSWALDO', 'CARRILLO MERMA OSWALDO', 'LINO URQUIETA 103                      _', '-', '-', '-', 'N', 'LINO URQUIETA 103                      _', '1', '-', '-', '-', 'A'),
('0101152', '1', '1', 'HERRERA VERA AMERICO', 'HERRERA VERA AMERICO', 'URB. VILLA ELECTRICA I-1               _', '-', '-', '-', 'N', 'URB. VILLA ELECTRICA I-1               _', '1', '-', '-', '-', 'A'),
('0101153', '1', '1', 'MARTINEZ MUÑOZ JORGE LUIS', 'MARTINEZ MUÑOZ JORGE LUIS', 'VICTOR MORALES 103 URB. VICTORIA LA NEGR', '-', '-', '-', 'N', 'VICTOR MORALES 103 URB. VICTORIA LA NEGR', '1', '-', '-', '-', 'A'),
('0101154', '1', '1', 'RIVERA DE RIVERA AGUILAR THAIS', 'RIVERA DE RIVERA AGUILAR THAIS', 'BUSTAMANTE 212 VALLECITO               _', '-', '-', '-', 'N', 'BUSTAMANTE 212 VALLECITO               _', '1', '-', '-', '-', 'A'),
('0101155', '1', '1', 'BEDREGAL SALAS MANUEL ALBERTO', 'BEDREGAL SALAS MANUEL ALBERTO', 'LAS CEDRELAS 178 DPTO 301              _', '-', '-', '-', 'N', 'LAS CEDRELAS 178 DPTO 301              _', '1', '-', '-', '-', 'A'),
('0101156', '1', '1', 'PAREJA MORANTE ALEJANDRO', 'PAREJA MORANTE ALEJANDRO', 'URB. AVIGGE H-8 CAYMA                  _', '-', '-', '-', 'N', 'URB. AVIGGE H-8 CAYMA                  _', '1', '-', '-', '-', 'A'),
('0101157', '1', '1', 'MANRIQUE ALARCON MANUEL DANIEL', 'MANRIQUE ALARCON MANUEL DANIEL', 'URB AVIDGE MZ  D LOTE 7                _', '-', '-', '-', 'N', 'URB AVIDGE MZ  D LOTE 7                _', '1', '-', '-', '-', 'A'),
('0101158', '1', '1', 'GHERSI DIAZ LAURA ELISA', 'GHERSI DIAZ LAURA ELISA', 'AV. JORGE CHAVEZ 109 IV CENTENARIO     _', '-', '-', '-', 'N', 'AV. JORGE CHAVEZ 109 IV CENTENARIO     _', '1', '-', '-', '-', 'A'),
('0101159', '1', '1', 'ARIAS ALLENDE EDWIN HUGO', 'ARIAS ALLENDE EDWIN HUGO', 'URB. LAS ORQUIDEAS ASVEA B-32          _', '-', '-', '-', 'N', 'URB. LAS ORQUIDEAS ASVEA B-32          _', '1', '-', '-', '-', 'A'),
('0101160', '1', '1', 'MORVELI ROJAS JOSE LUIS', 'MORVELI ROJAS JOSE LUIS', 'URB.SAN PEDRO C-23 YANAHUARA           _', '-', '-', '-', 'N', 'URB.SAN PEDRO C-23 YANAHUARA           _', '1', '-', '-', '-', 'A'),
('0101161', '1', '1', 'RODRIGUEZ FERNANDEZ MARTHA', 'RODRIGUEZ FERNANDEZ MARTHA', 'URB.COLEGIO DE INGENIEROS C-12         _', '-', '-', '-', 'N', 'URB.COLEGIO DE INGENIEROS C-12         _', '1', '-', '-', '-', 'A'),
('0101162', '1', '1', 'DEL CARPIO MILON JAVIER', 'DEL CARPIO MILON JAVIER', 'URB. SAN ISIDRO A-9 VALLECITO          _', '-', '-', '-', 'N', 'URB. SAN ISIDRO A-9 VALLECITO          _', '1', '-', '-', '-', 'A'),
('0101163', '1', '1', 'OVIEDO ALARCON GORKY', 'OVIEDO ALARCON GORKY', 'AQP                                    _', '-', '-', '-', 'N', 'AQP                                    _', '1', '-', '-', '-', 'A'),
('0101164', '1', '1', 'POZO GONZALES FERNANDO JOSE', 'POZO GONZALES FERNANDO JOSE', 'CALLE TABOADA 103-C -  YANAHUARA  - AREQ', '-', '-', '-', 'N', 'CALLE TABOADA 103-C -  YANAHUARA  - AREQ', '1', '-', '-', '-', 'A'),
('0101165', '1', '1', 'ZEBALLOS RIVERA VERONICA ROSARIO', 'ZEBALLOS RIVERA VERONICA ROSARIO', 'URB.LOS ANGELES SAN FERN.319           _', '-', '-', '-', 'N', 'URB.LOS ANGELES SAN FERN.319           _', '1', '-', '-', '-', 'A'),
('0101166', '1', '1', 'ROSAS CATERIANO CARMEN SILVANA', 'ROSAS CATERIANO CARMEN SILVANA', 'QUINTA LAS FORALES CASA 4 CAYM         _', '-', '-', '-', 'N', 'QUINTA LAS FORALES CASA 4 CAYM         _', '1', '-', '-', '-', 'A'),
('0101167', '1', '1', 'TEJADA ASCUÑA ANA LOURDES', 'TEJADA ASCUÑA ANA LOURDES', 'EL PALACIO PRIMERA ETAPA L9 DEP C 2 SACH', '-', '-', '-', 'N', 'EL PALACIO PRIMERA ETAPA L9 DEP C 2 SACH', '1', '-', '-', '-', 'A'),
('0101168', '1', '1', 'ZAMBRANO PACHECO ANA MARIA', 'ZAMBRANO PACHECO ANA MARIA', 'URB. SAN LORENZO PSJE. SAN LORENZO 106 _', '-', '-', '-', 'N', 'URB. SAN LORENZO PSJE. SAN LORENZO 106 _', '1', '-', '-', '-', 'A'),
('0101169', '1', '1', 'DIAZ LAZO JUANA ATENAIDA', 'DIAZ LAZO JUANA ATENAIDA', 'AV. PARRA 302                          _', '-', '-', '-', 'N', 'AV. PARRA 302                          _', '1', '-', '-', '-', 'A'),
('0101170', '1', '1', 'TEJADA BERNAL JORGE', 'TEJADA BERNAL JORGE', 'J.S. CHOCANO 313 UMACOLLO              _', '-', '-', '-', 'N', 'J.S. CHOCANO 313 UMACOLLO              _', '1', '-', '-', '-', 'A'),
('0101171', '1', '1', 'AMES PALACIOS ELIANO JIMMI', 'AMES PALACIOS ELIANO JIMMI', 'ARRAYANES B-2                          _', '-', '-', '-', 'N', 'ARRAYANES B-2                          _', '1', '-', '-', '-', 'A'),
('0101172', '1', '1', 'GUTIERREZ DE CASABONNE MARIA TERESA', 'GUTIERREZ DE CASABONNE MARIA TERESA', 'ALCANFORES 555 DPTO. 402               _', '-', '-', '-', 'N', 'ALCANFORES 555 DPTO. 402               _', '1', '-', '-', '-', 'A'),
('0101173', '1', '1', 'MACEDO DIAZ GONZALO ANTONIO', 'MACEDO DIAZ GONZALO ANTONIO', 'AV. PARRA 370 A CERCADO                _', '-', '-', '-', 'N', 'AV. PARRA 370 A CERCADO                _', '1', '-', '-', '-', 'A'),
('0101174', '1', '1', 'RIVERA PICARDO CARLOS ALFREDO', 'RIVERA PICARDO CARLOS ALFREDO', 'URB.REAL FELIPE D-6 C.COLORADO         _', '-', '-', '-', 'N', 'URB.REAL FELIPE D-6 C.COLORADO         _', '1', '-', '-', '-', 'A'),
('0101175', '1', '1', 'BARREDA SOLORZANO LUIZ FEDERICO', 'BARREDA SOLORZANO LUIZ FEDERICO', 'CALLE JOSE SANTOS CHOCANO 171 URB. LA QU', '-', '-', '-', 'N', 'CALLE JOSE SANTOS CHOCANO 171 URB. LA QU', '1', '-', '-', '-', 'A'),
('0101176', '1', '1', 'MANSILLA DIAZ ERNESTO VALENTIN', 'MANSILLA DIAZ ERNESTO VALENTIN', 'UPIS SANTA LOURDES B-10                _', '-', '-', '-', 'N', 'UPIS SANTA LOURDES B-10                _', '1', '-', '-', '-', 'A'),
('0101177', '1', '1', 'BUSTAMANTE BEDOYA BETZABET', 'BUSTAMANTE BEDOYA BETZABET', 'AV. ALCIDES CARRION 101 LA PAMPILLA    _', '-', '-', '-', 'N', 'AV. ALCIDES CARRION 101 LA PAMPILLA    _', '1', '-', '-', '-', 'A'),
('0101178', '1', '1', 'LEON DE CHAPOÑAN JUDITH', 'LEON DE CHAPOÑAN JUDITH', 'URB. ALTO DE LA LUNA F-11 JLB Y RIVERO _', '-', '-', '-', 'N', 'URB. ALTO DE LA LUNA F-11 JLB Y RIVERO _', '1', '-', '-', '-', 'A'),
('0101179', '1', '1', 'TORRES DE PAREDES INES AURORA', 'TORRES DE PAREDES INES AURORA', 'CALLE AMERICA 902                      _', '-', '-', '-', 'N', 'CALLE AMERICA 902                      _', '1', '-', '-', '-', 'A'),
('0101180', '1', '1', 'JIMENEZ MEDINA CESAR ALBERTO', 'JIMENEZ MEDINA CESAR ALBERTO', 'EDIFICIO VINATEA REYNOSO H-101         _', '-', '-', '-', 'N', 'EDIFICIO VINATEA REYNOSO H-101         _', '1', '-', '-', '-', 'A'),
('0101181', '1', '1', 'SALAS OBRIEN JESUS EDGARDO', 'SALAS OBRIEN JESUS EDGARDO', 'URB. COLEGIO DE ING. C-2               _', '-', '-', '-', 'N', 'URB. COLEGIO DE ING. C-2               _', '1', '-', '-', '-', 'A'),
('0101182', '1', '1', 'ZAMALLOA TORRES YBARBURI', 'ZAMALLOA TORRES YBARBURI', 'URB. LA ENCANTADA                      _', '-', '-', '-', 'N', 'URB. LA ENCANTADA                      _', '1', '-', '-', '-', 'A'),
('0101183', '1', '1', 'OJEDA TORRES MARIA JESUS', 'OJEDA TORRES MARIA JESUS', 'ALFONSO UGARTE 143                     _', '-', '-', '-', 'N', 'ALFONSO UGARTE 143                     _', '1', '-', '-', '-', 'A'),
('0101184', '1', '1', 'HERRERA VELARDE ENRIQUE JOAQUIN', 'HERRERA VELARDE ENRIQUE JOAQUIN', 'AV. VILLA HERMOSA 911 LA LIBERTAD C. COL', '-', '-', '-', 'N', 'AV. VILLA HERMOSA 911 LA LIBERTAD C. COL', '1', '-', '-', '-', 'A'),
('0101185', '1', '1', 'CHIRE BANDA YURY EGBERTO', 'CHIRE BANDA YURY EGBERTO', 'EL DORADO Ñ-10                         _', '-', '-', '-', 'N', 'EL DORADO Ñ-10                         _', '1', '-', '-', '-', 'A'),
('0101186', '1', '1', 'ARCE GAMARRA ABEL AUGUSTO', 'ARCE GAMARRA ABEL AUGUSTO', 'COOP. COLEGIO DE INGENIEROS C-7        _', '-', '-', '-', 'N', 'COOP. COLEGIO DE INGENIEROS C-7        _', '1', '-', '-', '-', 'A'),
('0101187', '1', '1', 'YAMIL HUMBERTO GAMARRA CATEP', 'YAMIL HUMBERTO GAMARRA CATEP', 'CALLE MANUEL BELGRANO G-2 URB.         _', '-', '-', '-', 'N', 'CALLE MANUEL BELGRANO G-2 URB.         _', '1', '-', '-', '-', 'A'),
('0101188', '1', '1', 'DIAZ BASURCO LUIS FERNANDO', 'DIAZ BASURCO LUIS FERNANDO', 'URB. EL ROSARIO B-7                    _', '-', '-', '-', 'N', 'URB. EL ROSARIO B-7                    _', '1', '-', '-', '-', 'A'),
('0101189', '1', '1', 'PEÑARANDA GOMEZ JESUS ERNESTO', 'PEÑARANDA GOMEZ JESUS ERNESTO', 'FRANCISCO IBAÑEZ 104 UMACOLLO          _', '-', '-', '-', 'N', 'FRANCISCO IBAÑEZ 104 UMACOLLO          _', '1', '-', '-', '-', 'A'),
('0101190', '1', '1', 'INFANTE LUNA RODDY EDUARDO', 'INFANTE LUNA RODDY EDUARDO', 'PSJE SANTA ROSA 154 URB. ORRANTIA      _', '-', '-', '-', 'N', 'PSJE SANTA ROSA 154 URB. ORRANTIA      _', '1', '-', '-', '-', 'A'),
('0101191', '1', '1', 'SIMONI FLORES ALDO DANTE', 'SIMONI FLORES ALDO DANTE', 'MZA. A LOTE. 2 URB. SANTA ANITA TACNA -_', '-', '-', '-', 'N', 'MZA. A LOTE. 2 URB. SANTA ANITA TACNA -_', '1', '-', '-', '-', 'A'),
('0101192', '1', '1', 'LAZO PINTO JOSE ANTONIO', 'LAZO PINTO JOSE ANTONIO', 'CALLE RECOLETA 210                     _', '-', '-', '-', 'N', 'CALLE RECOLETA 210                     _', '1', '-', '-', '-', 'A'),
('0101193', '1', '1', 'ALPACA ESQUIVEL CESAR GUILLERMO', 'ALPACA ESQUIVEL CESAR GUILLERMO', 'CARLOS AREVALO 30 URB. MUNICIPAL       _', '-', '-', '-', 'N', 'CARLOS AREVALO 30 URB. MUNICIPAL       _', '1', '-', '-', '-', 'A'),
('0101194', '1', '1', 'MUÑOZ CANO RAUL', 'MUÑOZ CANO RAUL', 'AV. BRASIL 206 ALTO SELVA ALEGRE       _', '-', '-', '-', 'N', 'AV. BRASIL 206 ALTO SELVA ALEGRE       _', '1', '-', '-', '-', 'A'),
('0101195', '1', '1', 'TAPIA CONCHA NOEMI', 'TAPIA CONCHA NOEMI', 'LOS MOLLES NRO9                        _', '-', '-', '-', 'N', 'LOS MOLLES NRO9                        _', '1', '-', '-', '-', 'A'),
('0101196', '1', '1', 'PEREZ WICHT SAN ROMAN IGNACIO', 'PEREZ WICHT SAN ROMAN IGNACIO', 'CAL. JERUSALEN NRO. 606 AREQUIPA - AREQU', '-', '-', '-', 'N', 'CAL. JERUSALEN NRO. 606 AREQUIPA - AREQU', '1', '-', '-', '-', 'A'),
('0101197', '1', '1', 'VELASQUEZ GAMBARINI MARITA BEATRIZ', 'VELASQUEZ GAMBARINI MARITA BEATRIZ', 'URB. PUERTA DEL SOL A1                 _', '-', '-', '-', 'N', 'URB. PUERTA DEL SOL A1                 _', '1', '-', '-', '-', 'A'),
('0101198', '1', '1', 'PAREDES CHACON OSCAR FELIPE', 'PAREDES CHACON OSCAR FELIPE', 'SOSA RUIZ 321 CERRO COLORADO           _', '-', '-', '-', 'N', 'SOSA RUIZ 321 CERRO COLORADO           _', '1', '-', '-', '-', 'A'),
('0101199', '1', '1', 'TEJADA BENAVENTE PEDRO', 'TEJADA BENAVENTE PEDRO', 'LA ALBORADA E-12 VALLECITO             _', '-', '-', '-', 'N', 'LA ALBORADA E-12 VALLECITO             _', '1', '-', '-', '-', 'A'),
('0101200', '1', '1', 'ALVAREZ NAVARRO GRISELDA ROSARIO', 'ALVAREZ NAVARRO GRISELDA ROSARIO', 'AV. CHACHANI 240                       _', '-', '-', '-', 'N', 'AV. CHACHANI 240                       _', '1', '-', '-', '-', 'A'),
('0101201', '1', '1', 'SALAS VALENZUELA RENATO', 'SALAS VALENZUELA RENATO', 'M. UGARTECHE 118                       _', '-', '-', '-', 'N', 'M. UGARTECHE 118                       _', '1', '-', '-', '-', 'A'),
('0101202', '1', '1', 'QUISPE HUAYHUA HILDA', 'QUISPE HUAYHUA HILDA', 'VILLA EL MIRADOR B-14                  _', '-', '-', '-', 'N', 'VILLA EL MIRADOR B-14                  _', '1', '-', '-', '-', 'A'),
('0101203', '1', '1', 'PEREYRA PACHECO ARTURO', 'PEREYRA PACHECO ARTURO', 'AV. BOLOGNESI 329 DPTO 101             _', '-', '-', '-', 'N', 'AV. BOLOGNESI 329 DPTO 101             _', '1', '-', '-', '-', 'A'),
('0101204', '1', '1', 'PEREIRA ARTURO', 'PEREIRA ARTURO', 'URB. VILLA ELECTRICA H-1               _', '-', '-', '-', 'N', 'URB. VILLA ELECTRICA H-1               _', '1', '-', '-', '-', 'A'),
('0101205', '1', '1', 'CABRERA VALDIVIA DE MANRRIQUE PIEDAD', 'CABRERA VALDIVIA DE MANRRIQUE PIEDAD', 'CALLE EL FILTRO 308                    _', '-', '-', '-', 'N', 'CALLE EL FILTRO 308                    _', '1', '-', '-', '-', 'A'),
('0101206', '1', '1', 'CABRERA CASO ENRIQUE', 'CABRERA CASO ENRIQUE', 'URB LAS ORQUIDEAS I-20 CERCADO         _', '-', '-', '-', 'N', 'URB LAS ORQUIDEAS I-20 CERCADO         _', '1', '-', '-', '-', 'A'),
('0101207', '1', '1', 'AREVALO ROMANA ALEJANDRO MANUEL', 'AREVALO ROMANA ALEJANDRO MANUEL', 'LOS SAUCES LT-8 B CHALLAPAMPA          _', '-', '-', '-', 'N', 'LOS SAUCES LT-8 B CHALLAPAMPA          _', '1', '-', '-', '-', 'A'),
('0101208', '1', '1', 'BARRIONUEVO ÑAUPA MAGDA ANGELICA', 'BARRIONUEVO ÑAUPA MAGDA ANGELICA', 'URB. DOLORES G-6                       _', '-', '-', '-', 'N', 'URB. DOLORES G-6                       _', '1', '-', '-', '-', 'A'),
('0101209', '1', '1', 'HURTADO SALAS EDUARDO HUGO', 'HURTADO SALAS EDUARDO HUGO', 'URB.PIEDRA SANTA I ETAPA MZ.1G-A YANAHUA', '-', '-', '-', 'N', 'URB.PIEDRA SANTA I ETAPA MZ.1G-A YANAHUA', '1', '-', '-', '-', 'A'),
('0101210', '1', '1', 'LOZADA CERNA LIZARDO', 'LOZADA CERNA LIZARDO', 'LA CHACRITA B-4 CAYMA                  _', '-', '-', '-', 'N', 'LA CHACRITA B-4 CAYMA                  _', '1', '-', '-', '-', 'A'),
('0101211', '1', '1', 'ALVAREZ NEYRA SABINO', 'ALVAREZ NEYRA SABINO', 'URB.LEON XIII MZ.H LT.7                _', '-', '-', '-', 'N', 'URB.LEON XIII MZ.H LT.7                _', '1', '-', '-', '-', 'A'),
('0101212', '1', '1', 'VILLENEUVE JACQUES NICOLE THERESE', 'VILLENEUVE JACQUES NICOLE THERESE', 'EDIFICIO DON MATEO 2DPTO 601 C         _', '-', '-', '-', 'N', 'EDIFICIO DON MATEO 2DPTO 601 C         _', '1', '-', '-', '-', 'A'),
('0101213', '1', '1', 'MERMA CHOQUE DOMITILA', 'MERMA CHOQUE DOMITILA', 'CALL.LOS GIRASOLES 125 YANAHUARA       _', '-', '-', '-', 'N', 'CALL.LOS GIRASOLES 125 YANAHUARA       _', '1', '-', '-', '-', 'A'),
('0101214', '1', '1', 'MONTESINOS DE KHOTE VALDIVIA MATHILDE', 'MONTESINOS DE KHOTE VALDIVIA MATHILDE', 'LOS CIRUELOS 102                       _', '-', '-', '-', 'N', 'LOS CIRUELOS 102                       _', '1', '-', '-', '-', 'A'),
('0101215', '1', '1', 'MENDOZA PIZARRO ANTONIO', 'MENDOZA PIZARRO ANTONIO', 'AV. CAYMA 206                          _', '-', '-', '-', 'N', 'AV. CAYMA 206                          _', '1', '-', '-', '-', 'A'),
('0101216', '1', '1', 'CORZO PORTOCARRERO ALFREDO', 'CORZO PORTOCARRERO ALFREDO', 'TORIBUIO PACHECO N° 109 DPTO 101 VALLECI', '-', '-', '-', 'N', 'TORIBUIO PACHECO N° 109 DPTO 101 VALLECI', '1', '-', '-', '-', 'A'),
('0101217', '1', '1', 'GOMEZ LADRON DE GUEVARA MIGUEL', 'GOMEZ LADRON DE GUEVARA MIGUEL', 'Centro Comercial Cayma Of.8- Cayma-Arequ', '-', '-', '-', 'N', 'Centro Comercial Cayma Of.8- Cayma-Arequ', '1', '-', '-', '-', 'A'),
('0101218', '1', '1', 'ALVAREZ RIVERA MARIA LUZ', 'ALVAREZ RIVERA MARIA LUZ', 'CALLE URBAMBA 207 ZAMACOLA             _', '-', '-', '-', 'N', 'CALLE URBAMBA 207 ZAMACOLA             _', '1', '-', '-', '-', 'A'),
('0101219', '1', '1', 'RIVERA GALLEGOS VICTOR', 'RIVERA GALLEGOS VICTOR', 'AV CAYMA 505 DEPT 702                  _', '-', '-', '-', 'N', 'AV CAYMA 505 DEPT 702                  _', '1', '-', '-', '-', 'A'),
('0101220', '1', '1', 'LOPEZ DE PAREDES MARY ELENA', 'LOPEZ DE PAREDES MARY ELENA', 'CALLE JORGE CHAVEZ 302                 _', '-', '-', '-', 'N', 'CALLE JORGE CHAVEZ 302                 _', '1', '-', '-', '-', 'A'),
('0101221', '1', '1', 'GAONA RIVERA EDWIN VICTOR', 'GAONA RIVERA EDWIN VICTOR', 'URB. LA FONDA B-2                      _', '-', '-', '-', 'N', 'URB. LA FONDA B-2                      _', '1', '-', '-', '-', 'A'),
('0101222', '1', '1', 'ZEBALLOS ZAPANA JUSTO BALDOMERO', 'ZEBALLOS ZAPANA JUSTO BALDOMERO', 'URB. PIEDRA SANTA I-7                  _', '-', '-', '-', 'N', 'URB. PIEDRA SANTA I-7                  _', '1', '-', '-', '-', 'A'),
('0101223', '1', '1', 'VELASQUEZ CALDERON ZOILA ESPERANZA', 'VELASQUEZ CALDERON ZOILA ESPERANZA', 'AV. VICTOR ANDRES BELAUNDE 201 3ER PISO_', '-', '-', '-', 'N', 'AV. VICTOR ANDRES BELAUNDE 201 3ER PISO_', '1', '-', '-', '-', 'A'),
('0101224', '1', '1', 'HUERTA RAMOS MARIA JESUS', 'HUERTA RAMOS MARIA JESUS', 'AV. AVIACION 112 ZAMACOLA              _', '-', '-', '-', 'N', 'AV. AVIACION 112 ZAMACOLA              _', '1', '-', '-', '-', 'A'),
('0101225', '1', '1', 'ANDIA MEDINA HERNAN SILPICIO', 'ANDIA MEDINA HERNAN SILPICIO', 'URB.CERRO COLORADO U-3                 _', '-', '-', '-', 'N', 'URB.CERRO COLORADO U-3                 _', '1', '-', '-', '-', 'A'),
('0101226', '1', '1', 'CAMARGO ZUÑIGA VDA. DE NEYRA ELMORA FRAN', 'CAMARGO ZUÑIGA VDA. DE NEYRA ELMORA FRAN', 'CALLA 1 URB. TINTAYA  G-3 CERCADO      _', '-', '-', '-', 'N', 'CALLA 1 URB. TINTAYA  G-3 CERCADO      _', '1', '-', '-', '-', 'A'),
('0101227', '1', '1', 'VALDIVIA ARENAZAS HENRY', 'VALDIVIA ARENAZAS HENRY', 'URB, MICHELL D-27                      _', '-', '-', '-', 'N', 'URB, MICHELL D-27                      _', '1', '-', '-', '-', 'A'),
('0101228', '1', '1', 'RODRIGUEZ VALDIVIA JOSE', 'RODRIGUEZ VALDIVIA JOSE', 'URUBAMBA 306 ZAMACOLA C.COLORADO       _', '-', '-', '-', 'N', 'URUBAMBA 306 ZAMACOLA C.COLORADO       _', '1', '-', '-', '-', 'A'),
('0101229', '1', '1', 'DEZA QUIÑONES IRMA', 'DEZA QUIÑONES IRMA', 'URB. INDEPENDENCIA AMERICANA C-11      _', '-', '-', '-', 'N', 'URB. INDEPENDENCIA AMERICANA C-11      _', '1', '-', '-', '-', 'A'),
('0101230', '1', '1', 'CUPER PACO PERCY ALFONSO', 'CUPER PACO PERCY ALFONSO', 'URB. LOS CEDROS A-6                    _', '-', '-', '-', 'N', 'URB. LOS CEDROS A-6                    _', '1', '-', '-', '-', 'A'),
('0101231', '1', '1', 'COVILLEN LOPEZ FREDY AGAPITO', 'COVILLEN LOPEZ FREDY AGAPITO', 'CALLE MOQUEGUA #M-5                    _', '-', '-', '-', 'N', 'CALLE MOQUEGUA #M-5                    _', '1', '-', '-', '-', 'A'),
('0101232', '1', '1', 'DIAZ RECABARREN CLAUDIA', 'DIAZ RECABARREN CLAUDIA', 'URB. ALVAREZ THOMAS C-4 CERCADO        _', '-', '-', '-', 'N', 'URB. ALVAREZ THOMAS C-4 CERCADO        _', '1', '-', '-', '-', 'A'),
('0101233', '1', '1', 'RAMIREZ OBANDO KARLA FABIOLA', 'RAMIREZ OBANDO KARLA FABIOLA', 'QUINTA SAMAY K-6 CAYMA                 _', '-', '-', '-', 'N', 'QUINTA SAMAY K-6 CAYMA                 _', '1', '-', '-', '-', 'A'),
('0101234', '1', '1', 'ROMERO PINTO ELIZABETH IRENE', 'ROMERO PINTO ELIZABETH IRENE', 'URB. VILLA HERMOSA B-5 CUADRA QUINTA ALF', '-', '-', '-', 'N', 'URB. VILLA HERMOSA B-5 CUADRA QUINTA ALF', '1', '-', '-', '-', 'A'),
('0101235', '1', '1', 'QUIROGA BENAVIDES YELVY SILVANA', 'QUIROGA BENAVIDES YELVY SILVANA', 'URB. SANTA ROSA ZN-A MZ-5 LOT-15       _', '-', '-', '-', 'N', 'URB. SANTA ROSA ZN-A MZ-5 LOT-15       _', '1', '-', '-', '-', 'A'),
('0101236', '1', '1', 'SANCHEZ CAMPOS MIGUEL', 'SANCHEZ CAMPOS MIGUEL', 'URB.BUENA VISTA A-13 DPTO 402          _', '-', '-', '-', 'N', 'URB.BUENA VISTA A-13 DPTO 402          _', '1', '-', '-', '-', 'A'),
('0101237', '1', '1', 'PEÑA MANRIQUE DAVID ROBERTO', 'PEÑA MANRIQUE DAVID ROBERTO', 'PSJ OROYA 204 MNO MELGAR               _', '-', '-', '-', 'N', 'PSJ OROYA 204 MNO MELGAR               _', '1', '-', '-', '-', 'A'),
('0101238', '1', '1', 'CONTRERAS GRANDA WALTER', 'CONTRERAS GRANDA WALTER', 'AV. ARANCOTA 101-A ARANCOTA            _', '-', '-', '-', 'N', 'AV. ARANCOTA 101-A ARANCOTA            _', '1', '-', '-', '-', 'A'),
('0101239', '1', '1', 'CCALLO VILCA LUIS', 'CCALLO VILCA LUIS', 'ESPINAR                                _', '-', '-', '-', 'N', 'ESPINAR                                _', '1', '-', '-', '-', 'A'),
('0101240', '1', '1', 'CONDORI APAZA MANUEL', 'CONDORI APAZA MANUEL', 'URB. ABRAHAN MANRRIQUE A-11            _', '-', '-', '-', 'N', 'URB. ABRAHAN MANRRIQUE A-11            _', '1', '-', '-', '-', 'A'),
('0101241', '1', '1', 'ZEBALLOS MEDINA HUGO CLEMENTE', 'ZEBALLOS MEDINA HUGO CLEMENTE', 'PASAJE ANGAMOS 217-A                   _', '-', '-', '-', 'N', 'PASAJE ANGAMOS 217-A                   _', '1', '-', '-', '-', 'A'),
('0101242', '1', '1', 'MEDINA BAUTISTA CARMEN', 'MEDINA BAUTISTA CARMEN', 'RESIDENCIAL EL GOLF MZ-G LOT-6 S       _', '-', '-', '-', 'N', 'RESIDENCIAL EL GOLF MZ-G LOT-6 S       _', '1', '-', '-', '-', 'A'),
('0101243', '1', '1', 'PAREDES RIVERA PAVEL', 'PAREDES RIVERA PAVEL', 'AV. OBRERA 906 URB. GRAFICOS ZN B      _', '-', '-', '-', 'N', 'AV. OBRERA 906 URB. GRAFICOS ZN B      _', '1', '-', '-', '-', 'A'),
('0101244', '1', '1', 'RIQUELME AGUILAR ELENA DEL CARMEN', 'RIQUELME AGUILAR ELENA DEL CARMEN', 'MANUEL MUÑOZ NAJAR 227 CERCADO         _', '-', '-', '-', 'N', 'MANUEL MUÑOZ NAJAR 227 CERCADO         _', '1', '-', '-', '-', 'A'),
('0101245', '1', '1', 'VELASQUEZ SILVA CARLA', 'VELASQUEZ SILVA CARLA', 'PIEDRA SANTA KB DPTO 101               _', '-', '-', '-', 'N', 'PIEDRA SANTA KB DPTO 101               _', '1', '-', '-', '-', 'A'),
('0101246', '1', '1', 'SALAZAR ARANA JUAN JOSE', 'SALAZAR ARANA JUAN JOSE', 'MELGAR 215 CASA 2 CAYMA                _', '-', '-', '-', 'N', 'MELGAR 215 CASA 2 CAYMA                _', '1', '-', '-', '-', 'A'),
('0101247', '1', '1', 'PINTO CARDENAS ROLANDO IVAN', 'PINTO CARDENAS ROLANDO IVAN', 'PUENTE ARNAO 316                       _', '-', '-', '-', 'N', 'PUENTE ARNAO 316                       _', '1', '-', '-', '-', 'A'),
('0101248', '1', '1', 'GUTIERREZ CAHUANA LUIS ALBERTO', 'GUTIERREZ CAHUANA LUIS ALBERTO', 'URB. LABRADOR DE CHILINA H 1 B         _', '-', '-', '-', 'N', 'URB. LABRADOR DE CHILINA H 1 B         _', '1', '-', '-', '-', 'A'),
('0101249', '1', '1', 'MOLINA CALLE HECTOR', 'MOLINA CALLE HECTOR', 'URB. EL CORTIJO B-23                   _', '-', '-', '-', 'N', 'URB. EL CORTIJO B-23                   _', '1', '-', '-', '-', 'A'),
('0101250', '1', '1', 'BENAVENTE LOZA MAURICIO EDDY', 'BENAVENTE LOZA MAURICIO EDDY', 'RES. LA EXPLANADA D-21                 _', '-', '-', '-', 'N', 'RES. LA EXPLANADA D-21                 _', '1', '-', '-', '-', 'A'),
('0101251', '1', '1', 'LEZANO VEGA NINOSCA', 'LEZANO VEGA NINOSCA', 'COMPLEJO HABITACIONAL FRANCISCO MOSTAJO_', '-', '-', '-', 'N', 'COMPLEJO HABITACIONAL FRANCISCO MOSTAJO_', '1', '-', '-', '-', 'A'),
('0101252', '1', '1', 'MEDINA MINAYA SILAS BERNABE', 'MEDINA MINAYA SILAS BERNABE', 'URB. SANTA LUISA D-8                   _', '-', '-', '-', 'N', 'URB. SANTA LUISA D-8                   _', '1', '-', '-', '-', 'A'),
('0101253', '1', '1', 'HERNANI OVIEDO JOSE CARLOS', 'HERNANI OVIEDO JOSE CARLOS', 'URB. LOS ALTILOS DPTO. 402-A           _', '-', '-', '-', 'N', 'URB. LOS ALTILOS DPTO. 402-A           _', '1', '-', '-', '-', 'A'),
('0101254', '1', '1', 'URURE TEJADA EINER ALEXIS', 'URURE TEJADA EINER ALEXIS', 'URB.SAN PEDRO MZ F LT.5 YANAHUARA      _', '-', '-', '-', 'N', 'URB.SAN PEDRO MZ F LT.5 YANAHUARA      _', '1', '-', '-', '-', 'A'),
('0101255', '1', '1', 'ORTIZ PERALTILLA IGNACIO MANUEL', 'ORTIZ PERALTILLA IGNACIO MANUEL', 'CALLE URUAGUAY 107 SATELITE GRANDE     _', '-', '-', '-', 'N', 'CALLE URUAGUAY 107 SATELITE GRANDE     _', '1', '-', '-', '-', 'A'),
('0101256', '1', '1', 'CUADROS ESPINOZA PABLO JAVIER', 'CUADROS ESPINOZA PABLO JAVIER', 'RESIDENCIAL LA FONDA A-1               _', '-', '-', '-', 'N', 'RESIDENCIAL LA FONDA A-1               _', '1', '-', '-', '-', 'A'),
('0101257', '1', '1', 'RONDON LOPEZ ADOLFO', 'RONDON LOPEZ ADOLFO', 'COLON 137 PAUCARPATA                   _', '-', '-', '-', 'N', 'COLON 137 PAUCARPATA                   _', '1', '-', '-', '-', 'A'),
('0101258', '1', '1', 'ARANIBAR DE OLIVERA ADRIANA', 'ARANIBAR DE OLIVERA ADRIANA', 'AV. BOLOGNESI 505 CASA 3               _', '-', '-', '-', 'N', 'AV. BOLOGNESI 505 CASA 3               _', '1', '-', '-', '-', 'A'),
('0101259', '1', '1', 'SALINAS GAMERO JESUS EDUARDO', 'SALINAS GAMERO JESUS EDUARDO', 'PIEDRA SANTA N-3 PRIMERA ETAPA         _', '-', '-', '-', 'N', 'PIEDRA SANTA N-3 PRIMERA ETAPA         _', '1', '-', '-', '-', 'A'),
('0101260', '1', '1', 'CARDENAS CASQUINO JUAN FRANCISCO', 'CARDENAS CASQUINO JUAN FRANCISCO', 'AV. BOLOGNESI 505                      _', '-', '-', '-', 'N', 'AV. BOLOGNESI 505                      _', '1', '-', '-', '-', 'A'),
('0101261', '1', '1', 'VALDIVIA VALDIVIA ROXANA', 'VALDIVIA VALDIVIA ROXANA', 'PABLO LAUIDE NRO. 14 URB. PABLO XI     _', '-', '-', '-', 'N', 'PABLO LAUIDE NRO. 14 URB. PABLO XI     _', '1', '-', '-', '-', 'A'),
('0101262', '1', '1', 'VELIZ LOPEZ MARIA ELENA', 'VELIZ LOPEZ MARIA ELENA', 'TOMAS EDISON # 209 M. PRADO            _', '-', '-', '-', 'N', 'TOMAS EDISON # 209 M. PRADO            _', '1', '-', '-', '-', 'A'),
('0101263', '1', '1', 'CARRASCO CASTRO SALVADOR', 'CARRASCO CASTRO SALVADOR', 'COOP. LAMBRAMANI C-1 LA PAMPILLA       _', '-', '-', '-', 'N', 'COOP. LAMBRAMANI C-1 LA PAMPILLA       _', '1', '-', '-', '-', 'A'),
('0101264', '1', '1', 'PONCE DE LEÓN PAREDES JUAN LUIS', 'PONCE DE LEÓN PAREDES JUAN LUIS', 'URB. LOS ANGELES DE CAYMA MZ. A LT. PISO', '-', '-', '-', 'N', 'URB. LOS ANGELES DE CAYMA MZ. A LT. PISO', '1', '-', '-', '-', 'A'),
('0101265', '1', '1', 'RODRIGUEZ PINTO MIGUEL', 'RODRIGUEZ PINTO MIGUEL', 'ESMERALDA 207 PAUCARPATA               _', '-', '-', '-', 'N', 'ESMERALDA 207 PAUCARPATA               _', '1', '-', '-', '-', 'A'),
('0101266', '1', '1', 'MEDINA VIGO RICARDO', 'MEDINA VIGO RICARDO', 'EL PEDREGAL MZ. Z2 LT. 16              _', '-', '-', '-', 'N', 'EL PEDREGAL MZ. Z2 LT. 16              _', '1', '-', '-', '-', 'A'),
('0101267', '1', '1', 'AVILA ROMERO DENNIS ENRIQUE', 'AVILA ROMERO DENNIS ENRIQUE', 'CALLE JOSE CARLOS MARIATEGUI 102 FERROVI', '-', '-', '-', 'N', 'CALLE JOSE CARLOS MARIATEGUI 102 FERROVI', '1', '-', '-', '-', 'A'),
('0101268', '1', '1', 'CASAPIA ARIAS GERMAN  DE JESUS', 'CASAPIA ARIAS GERMAN  DE JESUS', 'AV BOLOGNESI  501 B CASA 4             _', '-', '-', '-', 'N', 'AV BOLOGNESI  501 B CASA 4             _', '1', '-', '-', '-', 'A'),
('0101269', '1', '1', 'CARPIO PATRA JUAN MANUEL', 'CARPIO PATRA JUAN MANUEL', 'URB. SAN JOSE A-8                      _', '-', '-', '-', 'N', 'URB. SAN JOSE A-8                      _', '1', '-', '-', '-', 'A'),
('0101270', '1', '1', 'SALAS TORRELY AGUSTIN GUALBERTO', 'SALAS TORRELY AGUSTIN GUALBERTO', 'COOP. DE INGENIEROS D-3 CAYMA          _', '-', '-', '-', 'N', 'COOP. DE INGENIEROS D-3 CAYMA          _', '1', '-', '-', '-', 'A'),
('0101271', '1', '1', 'ASCUÑA SALAS JESUS CASIMIRO', 'ASCUÑA SALAS JESUS CASIMIRO', 'URB AURORA i 4 CERCADO                 _', '-', '-', '-', 'N', 'URB AURORA i 4 CERCADO                 _', '1', '-', '-', '-', 'A'),
('0101272', '1', '1', 'DELGADO VALDIVIA MIRIAN SOCORRO', 'DELGADO VALDIVIA MIRIAN SOCORRO', 'CALLE URUBAMBA 206 DPTO 601            _', '-', '-', '-', 'N', 'CALLE URUBAMBA 206 DPTO 601            _', '1', '-', '-', '-', 'A'),
('0101273', '1', '1', 'BELLIDO MEDINA FERNANDO RICARDO', 'BELLIDO MEDINA FERNANDO RICARDO', 'ALAMEDA DOLORES J-1 DPTO 101           _', '-', '-', '-', 'N', 'ALAMEDA DOLORES J-1 DPTO 101           _', '1', '-', '-', '-', 'A'),
('0101274', '1', '1', 'CORNEJO DE VINATEA PABLO', 'CORNEJO DE VINATEA PABLO', 'LOS ANGELES DE CAYMA A-15              _', '-', '-', '-', 'N', 'LOS ANGELES DE CAYMA A-15              _', '1', '-', '-', '-', 'A'),
('0101275', '1', '1', 'DIAZ DE BORDA CRIMILDA TEODORA', 'DIAZ DE BORDA CRIMILDA TEODORA', 'URB. MAGISTERIAL III MZ C LOTE 8       _', '-', '-', '-', 'N', 'URB. MAGISTERIAL III MZ C LOTE 8       _', '1', '-', '-', '-', 'A'),
('0101276', '1', '1', 'MALAGA RAMIREZ FREDY GILBERTO', 'MALAGA RAMIREZ FREDY GILBERTO', 'LOS ARCES 505 CAYMA                    _', '-', '-', '-', 'N', 'LOS ARCES 505 CAYMA                    _', '1', '-', '-', '-', 'A'),
('0101277', '1', '1', 'RODRIGUEZ RAMIREZ NORMAN', 'RODRIGUEZ RAMIREZ NORMAN', 'LOS ZAFIROS F-5                        _', '-', '-', '-', 'N', 'LOS ZAFIROS F-5                        _', '1', '-', '-', '-', 'A'),
('0101278', '1', '1', 'MEDINA LAZO FRANCISCO', 'MEDINA LAZO FRANCISCO', 'URB.LARA C-10 SOCABAYA                 _', '-', '-', '-', 'N', 'URB.LARA C-10 SOCABAYA                 _', '1', '-', '-', '-', 'A'),
('0101279', '1', '1', 'APAZA YAURI FIDEL', 'APAZA YAURI FIDEL', '28 DE JUNIO 222 URB.ALCIDES CARRION    _', '-', '-', '-', 'N', '28 DE JUNIO 222 URB.ALCIDES CARRION    _', '1', '-', '-', '-', 'A'),
('0101280', '1', '1', 'PINTO VALDIVIA HANNOVER', 'PINTO VALDIVIA HANNOVER', 'CALLE JUNIN 228 TIABAYA                _', '-', '-', '-', 'N', 'CALLE JUNIN 228 TIABAYA                _', '1', '-', '-', '-', 'A'),
('0101281', '1', '1', 'ADRIAZOLA HURTADO }JORGE RUBEN', 'ADRIAZOLA HURTADO }JORGE RUBEN', 'QUINTA GAMERO B-8 DPTO 402             _', '-', '-', '-', 'N', 'QUINTA GAMERO B-8 DPTO 402             _', '1', '-', '-', '-', 'A'),
('0101282', '1', '1', 'GARCIA CALDERON BUSTAMANTE LUIS A.', 'GARCIA CALDERON BUSTAMANTE LUIS A.', 'AV. BOLOGNESI # 454                    _', '-', '-', '-', 'N', 'AV. BOLOGNESI # 454                    _', '1', '-', '-', '-', 'A'),
('0101283', '1', '1', 'DIANDERAS TORRES VICTOR', 'DIANDERAS TORRES VICTOR', 'LOS CEDROS A-4 YANAHUARA               _', '-', '-', '-', 'N', 'LOS CEDROS A-4 YANAHUARA               _', '1', '-', '-', '-', 'A'),
('0101284', '1', '1', 'SOTO DE CONCHA VERONICA', 'SOTO DE CONCHA VERONICA', 'URB. SAN JOSE A-9                      _', '-', '-', '-', 'N', 'URB. SAN JOSE A-9                      _', '1', '-', '-', '-', 'A'),
('0101285', '1', '1', 'CONDO PIZARRO AVELINA', 'CONDO PIZARRO AVELINA', 'CALLE JOSE DE SALAS 113 INT B-3        _', '-', '-', '-', 'N', 'CALLE JOSE DE SALAS 113 INT B-3        _', '1', '-', '-', '-', 'A'),
('0101286', '1', '1', 'GONZALES CHAVEZ NANCY JULIA', 'GONZALES CHAVEZ NANCY JULIA', 'AV. CIRCUNVALACION A-10 VICTOR A. BELAUN', '-', '-', '-', 'N', 'AV. CIRCUNVALACION A-10 VICTOR A. BELAUN', '1', '-', '-', '-', 'A'),
('0101287', '1', '1', 'MEZA MEZA JULIO CESAR', 'MEZA MEZA JULIO CESAR', 'URB.VICTOR ANDRES BELAUNDE A-10        _', '-', '-', '-', 'N', 'URB.VICTOR ANDRES BELAUNDE A-10        _', '1', '-', '-', '-', 'A'),
('0101288', '1', '1', 'CORNEJO MENESES GERMAN', 'CORNEJO MENESES GERMAN', 'LOS GIRASOLES A-15 DPTO 201            _', '-', '-', '-', 'N', 'LOS GIRASOLES A-15 DPTO 201            _', '1', '-', '-', '-', 'A'),
('0101289', '1', '1', 'GAMERO CORRALES RONALD GABINO', 'GAMERO CORRALES RONALD GABINO', 'URB. VILLA EL SOL E-11                 _', '-', '-', '-', 'N', 'URB. VILLA EL SOL E-11                 _', '1', '-', '-', '-', 'A'),
('0101290', '1', '1', 'RODRIGUEZ ACOSTA NARCISO MIGUEL', 'RODRIGUEZ ACOSTA NARCISO MIGUEL', 'AV.MARIAMO CORNEJO 780 CHALET 118 BREÑA_', '-', '-', '-', 'N', 'AV.MARIAMO CORNEJO 780 CHALET 118 BREÑA_', '1', '-', '-', '-', 'A'),
('0101291', '1', '1', 'LOPEZ GONZALES ALVARO JESUS', 'LOPEZ GONZALES ALVARO JESUS', 'CUESTA DEL ANGEL 202 DPTO 501          _', '-', '-', '-', 'N', 'CUESTA DEL ANGEL 202 DPTO 501          _', '1', '-', '-', '-', 'A'),
('0101292', '1', '1', 'CONGONA REVILLA BERFILIO BENEDICTO', 'CONGONA REVILLA BERFILIO BENEDICTO', ' URB. TAHUAYCANI B-30                  _', '-', '-', '-', 'N', ' URB. TAHUAYCANI B-30                  _', '1', '-', '-', '-', 'A'),
('0101293', '1', '1', 'CONGONA  REVILLA BERFILIO', 'CONGONA  REVILLA BERFILIO', 'URB. TAHUAYCANI B-30                   _', '-', '-', '-', 'N', 'URB. TAHUAYCANI B-30                   _', '1', '-', '-', '-', 'A'),
('0101294', '1', '1', 'LIRA GARCIA VICTOR E', 'LIRA GARCIA VICTOR E', 'CALLE JOSE QUIÑONES 319                _', '-', '-', '-', 'N', 'CALLE JOSE QUIÑONES 319                _', '1', '-', '-', '-', 'A'),
('0101295', '1', '1', 'ANGULO PAULET ALFREDO', 'ANGULO PAULET ALFREDO', 'LA MARINA B-2 CAYMA                    _', '-', '-', '-', 'N', 'LA MARINA B-2 CAYMA                    _', '1', '-', '-', '-', 'A'),
('0101296', '1', '1', 'POLAR ZARATE CARLOS', 'POLAR ZARATE CARLOS', 'AREQUIPA                               _', '-', '-', '-', 'N', 'AREQUIPA                               _', '1', '-', '-', '-', 'A'),
('0101297', '1', '1', 'NUÑEZ PAZ OLIVER', 'NUÑEZ PAZ OLIVER', 'BALLON FARFAN  # 635                   _', '-', '-', '-', 'N', 'BALLON FARFAN  # 635                   _', '1', '-', '-', '-', 'A'),
('0101298', '1', '1', 'LOVON QUISPE RICHARD', 'LOVON QUISPE RICHARD', 'CALLE CHIMBOTE 400 S.M.SOCABAYA        _', '-', '-', '-', 'N', 'CALLE CHIMBOTE 400 S.M.SOCABAYA        _', '1', '-', '-', '-', 'A'),
('0101299', '1', '1', 'ZEBALLOS RIVERA JORGE', 'ZEBALLOS RIVERA JORGE', 'LOS ANGELES SAN FERNANDO/319           _', '-', '-', '-', 'N', 'LOS ANGELES SAN FERNANDO/319           _', '1', '-', '-', '-', 'A'),
('0101300', '1', '1', 'VILLAVICENCIO DIAZ IVAN  F', 'VILLAVICENCIO DIAZ IVAN  F', 'LOS PORTALES G-4  CAYMA                _', '-', '-', '-', 'N', 'LOS PORTALES G-4  CAYMA                _', '1', '-', '-', '-', 'A'),
('0101301', '1', '1', 'MONTALVO GIRRA ATTILIO', 'MONTALVO GIRRA ATTILIO', 'URB.BELLO AMANECER E-9 CAYMA           _', '-', '-', '-', 'N', 'URB.BELLO AMANECER E-9 CAYMA           _', '1', '-', '-', '-', 'A'),
('0101302', '1', '1', 'APAZA ALVAREZ ARMANDO', 'APAZA ALVAREZ ARMANDO', 'URB. ROSARIO I-6                       _', '-', '-', '-', 'N', 'URB. ROSARIO I-6                       _', '1', '-', '-', '-', 'A'),
('0101303', '1', '1', 'TAMAYO BENAVIDES RENE', 'TAMAYO BENAVIDES RENE', 'URB,LA CAMPIÑA PAISAJISTA  G 22 A      _', '-', '-', '-', 'N', 'URB,LA CAMPIÑA PAISAJISTA  G 22 A      _', '1', '-', '-', '-', 'A'),
('0101304', '1', '1', 'NEUENSCHWANDER DAMIANI JORGE ALBERTO', 'NEUENSCHWANDER DAMIANI JORGE ALBERTO', 'MANUEL AGUIRRE 132                     _', '-', '-', '-', 'N', 'MANUEL AGUIRRE 132                     _', '1', '-', '-', '-', 'A'),
('0101305', '1', '1', 'LAURA ARAPA MARIA ELENA', 'LAURA ARAPA MARIA ELENA', 'CALLE INAMBARI 206 A ZAMACOLA          _', '-', '-', '-', 'N', 'CALLE INAMBARI 206 A ZAMACOLA          _', '1', '-', '-', '-', 'A'),
('0101306', '1', '1', 'CORNEJO DE VINATEA PABLO MARTIN', 'CORNEJO DE VINATEA PABLO MARTIN', 'PARQUE ROMAÑA Nº 100                   _', '-', '-', '-', 'N', 'PARQUE ROMAÑA Nº 100                   _', '1', '-', '-', '-', 'A'),
('0101307', '1', '1', 'AQUIZE DIAZ CONSUELO CECILIA', 'AQUIZE DIAZ CONSUELO CECILIA', 'URB. LOS SAUCES CASA 10 CAYMA          _', '-', '-', '-', 'N', 'URB. LOS SAUCES CASA 10 CAYMA          _', '1', '-', '-', '-', 'A'),
('0101308', '1', '1', 'BENAVIDES GUZMAN DAVID ROLANDO', 'BENAVIDES GUZMAN DAVID ROLANDO', 'EL ARROYO DE CAYMA F-1                 _', '-', '-', '-', 'N', 'EL ARROYO DE CAYMA F-1                 _', '1', '-', '-', '-', 'A'),
('0101309', '1', '1', 'GARCIA ROMERO LUIS EMILIO', 'GARCIA ROMERO LUIS EMILIO', 'URB. FLORIDA B-27                      _', '-', '-', '-', 'N', 'URB. FLORIDA B-27                      _', '1', '-', '-', '-', 'A'),
('0101310', '1', '1', 'JOHNNY ERNESTO GALINDO LLERENA', 'JOHNNY ERNESTO GALINDO LLERENA', 'AV. LIMA 801 CASA 34                   _', '-', '-', '-', 'N', 'AV. LIMA 801 CASA 34                   _', '1', '-', '-', '-', 'A'),
('0101311', '1', '1', 'VALDIVIA CORNEJO ARTURO RAFAEL', 'VALDIVIA CORNEJO ARTURO RAFAEL', 'VILLA EL SOL  D-2                      _', '-', '-', '-', 'N', 'VILLA EL SOL  D-2                      _', '1', '-', '-', '-', 'A'),
('0101312', '1', '1', 'MORALES RODRIGUEZ PEDRO', 'MORALES RODRIGUEZ PEDRO', 'CALLE INGLATERRA 300 URB. 13 DE ENERO  _', '-', '-', '-', 'N', 'CALLE INGLATERRA 300 URB. 13 DE ENERO  _', '1', '-', '-', '-', 'A'),
('0101313', '1', '1', 'TELLEZ ROJAS RODOLFO ELIAS', 'TELLEZ ROJAS RODOLFO ELIAS', 'AV. EJERCITO 807 LOS SAUCES            _', '-', '-', '-', 'N', 'AV. EJERCITO 807 LOS SAUCES            _', '1', '-', '-', '-', 'A'),
('0101314', '1', '1', 'ALVARO HUISA LUCIANO', 'ALVARO HUISA LUCIANO', 'CIUDAD DE DIOS J-14                    _', '-', '-', '-', 'N', 'CIUDAD DE DIOS J-14                    _', '1', '-', '-', '-', 'A'),
('0101315', '1', '1', 'FERNANDEZ DE MARCE AMPARITO', 'FERNANDEZ DE MARCE AMPARITO', 'URB. CAMPO VERDE  1                    _', '-', '-', '-', 'N', 'URB. CAMPO VERDE  1                    _', '1', '-', '-', '-', 'A'),
('0101316', '1', '1', 'PAREDES VALDIVIA RONALD JUAN', 'PAREDES VALDIVIA RONALD JUAN', 'SALAMANCA 405                          _', '-', '-', '-', 'N', 'SALAMANCA 405                          _', '1', '-', '-', '-', 'A'),
('0101317', '1', '1', 'ORIHUELA HURTADO LUIS', 'ORIHUELA HURTADO LUIS', 'AV- PUNO 1007 ALTO LIBERTAD            _', '-', '-', '-', 'N', 'AV- PUNO 1007 ALTO LIBERTAD            _', '1', '-', '-', '-', 'A'),
('0101318', '1', '1', 'PAREDES GARCIA YOVEL MAURICIO', 'PAREDES GARCIA YOVEL MAURICIO', 'PROLONGACION RAMON CASTILLA 100 DPTO 302', '-', '-', '-', 'N', 'PROLONGACION RAMON CASTILLA 100 DPTO 302', '1', '-', '-', '-', 'A'),
('0101319', '1', '1', 'MESTAS HUAYTA JUBERT ROLANDO', 'MESTAS HUAYTA JUBERT ROLANDO', 'PJ ALTO LIBERTAD AV. PERU 225 MZ-7 LOTE_', '-', '-', '-', 'N', 'PJ ALTO LIBERTAD AV. PERU 225 MZ-7 LOTE_', '1', '-', '-', '-', 'A'),
('0101320', '1', '1', 'CHAVEZ HURTADO CESAR', 'CHAVEZ HURTADO CESAR', 'AREQUIPA                               _', '-', '-', '-', 'N', 'AREQUIPA                               _', '1', '-', '-', '-', 'A'),
('0101321', '1', '1', 'ANGULO CUBA MANUEL', 'ANGULO CUBA MANUEL', 'URB. LA MARINA B-2 CAYMA               _', '-', '-', '-', 'N', 'URB. LA MARINA B-2 CAYMA               _', '1', '-', '-', '-', 'A'),
('0101322', '1', '1', 'PALACIOS TAICO CARLOS ALBERTO', 'PALACIOS TAICO CARLOS ALBERTO', 'QUINTA SIENA A-3 CERRO COLORADO        _', '-', '-', '-', 'N', 'QUINTA SIENA A-3 CERRO COLORADO        _', '1', '-', '-', '-', 'A'),
('0101323', '1', '1', 'SUCLLA REVILLA JUAN PABLO', 'SUCLLA REVILLA JUAN PABLO', 'PERCY GIBSON 107 FERROVIARIOS          _', '-', '-', '-', 'N', 'PERCY GIBSON 107 FERROVIARIOS          _', '1', '-', '-', '-', 'A'),
('0101324', '1', '1', 'BOLAÑOS CALDERON RAMIRO', 'BOLAÑOS CALDERON RAMIRO', 'ALEMADA SALVERRY H-14  MIRAFLORES      _', '-', '-', '-', 'N', 'ALEMADA SALVERRY H-14  MIRAFLORES      _', '1', '-', '-', '-', 'A'),
('0101325', '1', '1', 'CHAVEZ MACEDO PAOLA LAURA', 'CHAVEZ MACEDO PAOLA LAURA', 'URB. PRIMAVERA CALLE LAS DALIAS 111BLOCK', '-', '-', '-', 'N', 'URB. PRIMAVERA CALLE LAS DALIAS 111BLOCK', '1', '-', '-', '-', 'A'),
('0101326', '1', '1', 'NUE GONZALES EDY JAVIER', 'NUE GONZALES EDY JAVIER', 'URB.LA MELGAR C-17 J.L.B.Y RIVERO      _', '-', '-', '-', 'N', 'URB.LA MELGAR C-17 J.L.B.Y RIVERO      _', '1', '-', '-', '-', 'A'),
('0101327', '1', '1', 'HINOJOSA OBANDO RAUL HERNAN', 'HINOJOSA OBANDO RAUL HERNAN', 'URB.SANTA FE D-3 SACHACA               _', '-', '-', '-', 'N', 'URB.SANTA FE D-3 SACHACA               _', '1', '-', '-', '-', 'A'),
('0101328', '1', '1', 'BUSTOS SALINAS AUDIE', 'BUSTOS SALINAS AUDIE', 'PIEDRA SANTA 1 PECSAO  A2 101          _', '-', '-', '-', 'N', 'PIEDRA SANTA 1 PECSAO  A2 101          _', '1', '-', '-', '-', 'A'),
('0101329', '1', '1', 'TAPIA ROSADO LUIS FERNANDO', 'TAPIA ROSADO LUIS FERNANDO', 'URB. PIEDRA SANTA  SEGUNDA ETAPA X-17  _', '-', '-', '-', 'N', 'URB. PIEDRA SANTA  SEGUNDA ETAPA X-17  _', '1', '-', '-', '-', 'A'),
('0101330', '1', '1', 'SALAS PRADO RICHARD PEDRO', 'SALAS PRADO RICHARD PEDRO', 'CALL. LOS ARRAYANES 206                _', '-', '-', '-', 'N', 'CALL. LOS ARRAYANES 206                _', '1', '-', '-', '-', 'A'),
('0101331', '1', '1', 'LUNA VALENCIA SANDRA', 'LUNA VALENCIA SANDRA', 'CALLE CONDESUYO 217                    _', '-', '-', '-', 'N', 'CALLE CONDESUYO 217                    _', '1', '-', '-', '-', 'A'),
('0101332', '1', '1', 'RODRIGUEZ OTAZU PAOLO', 'RODRIGUEZ OTAZU PAOLO', 'URB. QUINTA LAS CASUARINAS D-16        _', '-', '-', '-', 'N', 'URB. QUINTA LAS CASUARINAS D-16        _', '1', '-', '-', '-', 'A'),
('0101333', '1', '1', 'CONDORI CONDORI IGNACIO', 'CONDORI CONDORI IGNACIO', 'RESIDENSIAL LA FONDA B-7 DPTO 01       _', '-', '-', '-', 'N', 'RESIDENSIAL LA FONDA B-7 DPTO 01       _', '1', '-', '-', '-', 'A'),
('0101334', '1', '1', 'TEJEDA PALOMINO JUAN CARLOS', 'TEJEDA PALOMINO JUAN CARLOS', 'RICARDO PALMA 111 CIUDAD MI TRABAJO    _', '-', '-', '-', 'N', 'RICARDO PALMA 111 CIUDAD MI TRABAJO    _', '1', '-', '-', '-', 'A'),
('0101335', '1', '1', 'BEJARANO LAZO DE CAIRO LOURDES TERESA', 'BEJARANO LAZO DE CAIRO LOURDES TERESA', 'MIGUEL GRAU 200 CASA 7 LOS SAUCES      _', '-', '-', '-', 'N', 'MIGUEL GRAU 200 CASA 7 LOS SAUCES      _', '1', '-', '-', '-', 'A'),
('0101336', '1', '1', 'MORAN CHIRE JOSE LUIS', 'MORAN CHIRE JOSE LUIS', 'URB. EL ROSARIO II M-9                 _', '-', '-', '-', 'N', 'URB. EL ROSARIO II M-9                 _', '1', '-', '-', '-', 'A'),
('0101337', '1', '1', 'MARTINEZ MARCOS MARIANELA', 'MARTINEZ MARCOS MARIANELA', 'URB. EL ARROYO F-1                     _', '-', '-', '-', 'N', 'URB. EL ARROYO F-1                     _', '1', '-', '-', '-', 'A'),
('0101338', '1', '1', 'LLERENA CARRERA IVAN', 'LLERENA CARRERA IVAN', 'URB PANORAMA B-8                       _', '-', '-', '-', 'N', 'URB PANORAMA B-8                       _', '1', '-', '-', '-', 'A'),
('0101339', '1', '1', 'MENESES MERMA ALVARO ERNESTO', 'MENESES MERMA ALVARO ERNESTO', 'AV,QUIROZ 116 MARIA ISABEL CERCADO     _', '-', '-', '-', 'N', 'AV,QUIROZ 116 MARIA ISABEL CERCADO     _', '1', '-', '-', '-', 'A'),
('0101340', '1', '1', 'VALENCIA ROZAN JAVIER HUGO', 'VALENCIA ROZAN JAVIER HUGO', 'J. SANTOS CHOCANO N§ 111               _', '-', '-', '-', 'N', 'J. SANTOS CHOCANO N§ 111               _', '1', '-', '-', '-', 'A'),
('0101341', '1', '1', 'PINTO VALDIVIA MARCOS', 'PINTO VALDIVIA MARCOS', 'AV. LIMA 403                           _', '-', '-', '-', 'N', 'AV. LIMA 403                           _', '1', '-', '-', '-', 'A'),
('0101342', '1', '1', 'RODRIGUEZ MUÑOZ NAJAR JAVIER ALONSO', 'RODRIGUEZ MUÑOZ NAJAR JAVIER ALONSO', 'URB. GUARDIA CICIL III ETAPA A-7       _', '-', '-', '-', 'N', 'URB. GUARDIA CICIL III ETAPA A-7       _', '1', '-', '-', '-', 'A'),
('0101343', '1', '1', 'CAMPOS VALENCIA MARIA TERESA', 'CAMPOS VALENCIA MARIA TERESA', 'MNO DOCARMO 106 LA PERLA               _', '-', '-', '-', 'N', 'MNO DOCARMO 106 LA PERLA               _', '1', '-', '-', '-', 'A'),
('0101344', '1', '1', 'BENAVENTE RAMOS EDDY', 'BENAVENTE RAMOS EDDY', 'URB.CAMPO VERDE MZ.C LT.10 SACHACA     _', '-', '-', '-', 'N', 'URB.CAMPO VERDE MZ.C LT.10 SACHACA     _', '1', '-', '-', '-', 'A'),
('0101345', '1', '1', 'SALINAS CUADROS ALVARO GONZALO', 'SALINAS CUADROS ALVARO GONZALO', 'CALLE ARICA 700 DPTO 403 YANAHURA - AREQ', '-', '-', '-', 'N', 'CALLE ARICA 700 DPTO 403 YANAHURA - AREQ', '1', '-', '-', '-', 'A'),
('0101346', '1', '1', 'GUTIERREZ CABALLERO EDUARDO', 'GUTIERREZ CABALLERO EDUARDO', 'URB. TRONCO DE ORO 5 302               _', '-', '-', '-', 'N', 'URB. TRONCO DE ORO 5 302               _', '1', '-', '-', '-', 'A'),
('0101347', '1', '1', 'ORIHUELA RODRIGUEZ JOSE', 'ORIHUELA RODRIGUEZ JOSE', 'CALLE ANGAMOS # 101 MARIA ISAB         _', '-', '-', '-', 'N', 'CALLE ANGAMOS # 101 MARIA ISAB         _', '1', '-', '-', '-', 'A'),
('0101348', '1', '1', 'MERCADO DIAZ SERGIO', 'MERCADO DIAZ SERGIO', 'COOP. DANIEL ALCIDES CARRION           _', '-', '-', '-', 'N', 'COOP. DANIEL ALCIDES CARRION           _', '1', '-', '-', '-', 'A'),
('0101349', '1', '1', 'MURILLO RODRIGUEZ PRISCO', 'MURILLO RODRIGUEZ PRISCO', 'AV.SAN JERONIMO 514 UMACOLLO           _', '-', '-', '-', 'N', 'AV.SAN JERONIMO 514 UMACOLLO           _', '1', '-', '-', '-', 'A'),
('0101350', '1', '1', 'YANA AUCAHUAQUI MANUEL JULIO', 'YANA AUCAHUAQUI MANUEL JULIO', 'ASOC. LEALTAD DEMOCRATICA  E-4 ASA     _', '-', '-', '-', 'N', 'ASOC. LEALTAD DEMOCRATICA  E-4 ASA     _', '1', '-', '-', '-', 'A'),
('0101351', '1', '1', 'CHAVEZ SEVILLANO LUCIO AGUSTIN', 'CHAVEZ SEVILLANO LUCIO AGUSTIN', 'CALLE CHULLO 125 INT 3                 _', '-', '-', '-', 'N', 'CALLE CHULLO 125 INT 3                 _', '1', '-', '-', '-', 'A'),
('0101352', '1', '1', 'MELENDEZ CALMET MARIO', 'MELENDEZ CALMET MARIO', 'URB. SANTA PATRICIA B-19               _', '-', '-', '-', 'N', 'URB. SANTA PATRICIA B-19               _', '1', '-', '-', '-', 'A'),
('0101353', '1', '1', 'PRADO TORREBLANCA JULIO CESAR', 'PRADO TORREBLANCA JULIO CESAR', 'URB. DANIEL ALCIDES CARRION A-16       _', '-', '-', '-', 'N', 'URB. DANIEL ALCIDES CARRION A-16       _', '1', '-', '-', '-', 'A'),
('0101354', '1', '1', 'PARDO PEROCHENA LUIS FERNANDO', 'PARDO PEROCHENA LUIS FERNANDO', 'CALLE MISTI 602                        _', '-', '-', '-', 'N', 'CALLE MISTI 602                        _', '1', '-', '-', '-', 'A'),
('0101355', '1', '1', 'GOMEL ARHUIRI FRANCISCO', 'GOMEL ARHUIRI FRANCISCO', 'HERNAN BEDOYA FORGA F 12               _', '-', '-', '-', 'N', 'HERNAN BEDOYA FORGA F 12               _', '1', '-', '-', '-', 'A'),
('0101356', '1', '1', 'MEDINA GONZALES MARCO ANTONIO', 'MEDINA GONZALES MARCO ANTONIO', ' URB. CHALLAPAMPA R1-B1                _', '-', '-', '-', 'N', ' URB. CHALLAPAMPA R1-B1                _', '1', '-', '-', '-', 'A'),
('0101357', '1', '1', 'MARTINEZ AMESQUITA MIGUEL ANGEL', 'MARTINEZ AMESQUITA MIGUEL ANGEL', 'LOS ANGELES DE CAYMA 512 A             _', '-', '-', '-', 'N', 'LOS ANGELES DE CAYMA 512 A             _', '1', '-', '-', '-', 'A'),
('0101358', '1', '1', 'SAENZ JIMENEZ CARLOS ALONSO', 'SAENZ JIMENEZ CARLOS ALONSO', 'URB, LAS ORQUIDEAS J-14                _', '-', '-', '-', 'N', 'URB, LAS ORQUIDEAS J-14                _', '1', '-', '-', '-', 'A'),
('0101359', '1', '1', 'PINTO BENAVENTE CESAR', 'PINTO BENAVENTE CESAR', 'AV. AREQUIPA 219 APIMA                 _', '-', '-', '-', 'N', 'AV. AREQUIPA 219 APIMA                 _', '1', '-', '-', '-', 'A'),
('0101360', '1', '1', 'FLORES FARJE EDWARD', 'FLORES FARJE EDWARD', 'URB.LARA                               _', '-', '-', '-', 'N', 'URB.LARA                               _', '1', '-', '-', '-', 'A'),
('0101361', '1', '1', 'TEJADA TORRES JULIO CESAR', 'TEJADA TORRES JULIO CESAR', 'AV. PIZARRO 161                        _', '-', '-', '-', 'N', 'AV. PIZARRO 161                        _', '1', '-', '-', '-', 'A'),
('0101362', '1', '1', 'CORNEJO MANCHEGO WILLIAN ALFREDO', 'CORNEJO MANCHEGO WILLIAN ALFREDO', 'URBANIZACION EL PALACIO 11 SEGUNDA ETAPA', '-', '-', '-', 'N', 'URBANIZACION EL PALACIO 11 SEGUNDA ETAPA', '1', '-', '-', '-', 'A'),
('0101363', '1', '1', 'CONGONA GAMA MARIA DEL CARMEN', 'CONGONA GAMA MARIA DEL CARMEN', 'URB. EL TRONCO DE ORO LT 5 DPTO 302    _', '-', '-', '-', 'N', 'URB. EL TRONCO DE ORO LT 5 DPTO 302    _', '1', '-', '-', '-', 'A'),
('0101364', '1', '1', 'ZEVALLOS CAMINO FRANCIS HELMUT', 'ZEVALLOS CAMINO FRANCIS HELMUT', 'COOP. VICTOR ANDRES BELAUNDE C-18 YANAHU', '-', '-', '-', 'N', 'COOP. VICTOR ANDRES BELAUNDE C-18 YANAHU', '1', '-', '-', '-', 'A'),
('0101365', '1', '1', 'GAMARRA CACHAY ANA CRISTINA', 'GAMARRA CACHAY ANA CRISTINA', 'URB. LARA NRO. 6                       _', '-', '-', '-', 'N', 'URB. LARA NRO. 6                       _', '1', '-', '-', '-', 'A'),
('0101366', '1', '1', 'DIANDERAS SALINAS GONZALO DAVID', 'DIANDERAS SALINAS GONZALO DAVID', 'LOS CEDROS A-4 YANAHUARA               _', '-', '-', '-', 'N', 'LOS CEDROS A-4 YANAHUARA               _', '1', '-', '-', '-', 'A'),
('0101367', '1', '1', 'LUNA ALVIZ GRACIELA JULIA', 'LUNA ALVIZ GRACIELA JULIA', 'PASDAJE LAS LILAS 102 A                _', '-', '-', '-', 'N', 'PASDAJE LAS LILAS 102 A                _', '1', '-', '-', '-', 'A'),
('0101368', '1', '1', 'BECERRA REYNOSO GERARDO', 'BECERRA REYNOSO GERARDO', 'IQUITOS 120 SAN MARTIN DE SOCABAYA     _', '-', '-', '-', 'N', 'IQUITOS 120 SAN MARTIN DE SOCABAYA     _', '1', '-', '-', '-', 'A'),
('0101369', '1', '1', 'CORRALES NIEVES PALACIOS MARIA ANGELA', 'CORRALES NIEVES PALACIOS MARIA ANGELA', 'URB. LOS FRUTALES C-1 DPTO 201         _', '-', '-', '-', 'N', 'URB. LOS FRUTALES C-1 DPTO 201         _', '1', '-', '-', '-', 'A'),
('0101370', '1', '1', 'SOTO CLAVIJO CARLOS FERNANDO', 'SOTO CLAVIJO CARLOS FERNANDO', 'OCTAVIO MUÑOZ NAJAR 221 INT 121        _', '-', '-', '-', 'N', 'OCTAVIO MUÑOZ NAJAR 221 INT 121        _', '1', '-', '-', '-', 'A'),
('0101371', '1', '1', 'RETAMOZO CHUQUICA¥A EDWIN MOISES', 'RETAMOZO CHUQUICA¥A EDWIN MOISES', 'URB. GRAFICOS NRO 414 J.C MARI         _', '-', '-', '-', 'N', 'URB. GRAFICOS NRO 414 J.C MARI         _', '1', '-', '-', '-', 'A'),
('0101372', '1', '1', 'VELAZQUEZ ANAYA MARLENY', 'VELAZQUEZ ANAYA MARLENY', 'URB. LA CANTUTA A-1 JOSE LUIS BUSTAMANTE', '-', '-', '-', 'N', 'URB. LA CANTUTA A-1 JOSE LUIS BUSTAMANTE', '1', '-', '-', '-', 'A'),
('0101373', '1', '1', 'CORRE PEROCHENA RUBEN', 'CORRE PEROCHENA RUBEN', 'CALL CHEVARIA 122 IV CENTENARIO        _', '-', '-', '-', 'N', 'CALL CHEVARIA 122 IV CENTENARIO        _', '1', '-', '-', '-', 'A'),
('0101374', '1', '1', 'ZEGARRA JUAREZ EZEQUIEL', 'ZEGARRA JUAREZ EZEQUIEL', 'CALLE TRONCHADERO 607 CAYMA AQP        _', '-', '-', '-', 'N', 'CALLE TRONCHADERO 607 CAYMA AQP        _', '1', '-', '-', '-', 'A'),
('0101375', '1', '1', 'MALAGA MALAGA JOSE VLADIMIR', 'MALAGA MALAGA JOSE VLADIMIR', 'CAL. SAMUEL VELARDE NRO 203            _', '-', '-', '-', 'N', 'CAL. SAMUEL VELARDE NRO 203            _', '1', '-', '-', '-', 'A'),
('0101376', '1', '1', 'PEREA FAIJO EDWIN', 'PEREA FAIJO EDWIN', 'ARICA 700 DPTO 102 AREQUIPA            _', '-', '-', '-', 'N', 'ARICA 700 DPTO 102 AREQUIPA            _', '1', '-', '-', '-', 'A'),
('0101377', '1', '1', 'PAREDES ZEVALLOS SAUL JESUS', 'PAREDES ZEVALLOS SAUL JESUS', 'JIRON 2 DE MAYO 106 ALTO LIBERTAD      _', '-', '-', '-', 'N', 'JIRON 2 DE MAYO 106 ALTO LIBERTAD      _', '1', '-', '-', '-', 'A'),
('0101378', '1', '1', 'ESPINOZA BUENO EINSTEIN', 'ESPINOZA BUENO EINSTEIN', 'URB. CAMPO VERDE O-15 SACHACA          _', '-', '-', '-', 'N', 'URB. CAMPO VERDE O-15 SACHACA          _', '1', '-', '-', '-', 'A'),
('0101379', '1', '1', 'SAENZ NUÑEZ SERGIO ANTONIO', 'SAENZ NUÑEZ SERGIO ANTONIO', 'RESIDENSIAL SANTA CATALINA  BLOCK 4DPTO_', '-', '-', '-', 'N', 'RESIDENSIAL SANTA CATALINA  BLOCK 4DPTO_', '1', '-', '-', '-', 'A'),
('0101380', '1', '1', 'GARAY URDAY LILY ROXANA', 'GARAY URDAY LILY ROXANA', 'URB. DOLORES A-9                       _', '-', '-', '-', 'N', 'URB. DOLORES A-9                       _', '1', '-', '-', '-', 'A'),
('0101381', '1', '1', 'ABARCA ROSADO MARCO PAOLO', 'ABARCA ROSADO MARCO PAOLO', 'AMAZONAS 104 YANAHUARA                 _', '-', '-', '-', 'N', 'AMAZONAS 104 YANAHUARA                 _', '1', '-', '-', '-', 'A'),
('0101382', '1', '1', 'MAYHUA LOPEZ EFRAIN TITO', 'MAYHUA LOPEZ EFRAIN TITO', 'URB. MIRASOL DE CAYMA C-10             _', '-', '-', '-', 'N', 'URB. MIRASOL DE CAYMA C-10             _', '1', '-', '-', '-', 'A'),
('0101383', '1', '1', 'LANDA CABALLERO MAURICIO', 'LANDA CABALLERO MAURICIO', 'JERUSALEN 807 YANAHUARA                _', '-', '-', '-', 'N', 'JERUSALEN 807 YANAHUARA                _', '1', '-', '-', '-', 'A'),
('0101384', '1', '1', 'DELGADO NIETO FRANCISCO', 'DELGADO NIETO FRANCISCO', 'AV.ALFONSO UGARTE 435                  _', '-', '-', '-', 'N', 'AV.ALFONSO UGARTE 435                  _', '1', '-', '-', '-', 'A'),
('0101385', '1', '1', 'CHALCO MONTAÑEZ ROBERTO', 'CHALCO MONTAÑEZ ROBERTO', 'CRUCE LA JOYA                          _', '-', '-', '-', 'N', 'CRUCE LA JOYA                          _', '1', '-', '-', '-', 'A'),
('0101386', '1', '1', 'MARQUEZ OPPE ROYCE JESUS', 'MARQUEZ OPPE ROYCE JESUS', 'URB. VILLA MARIA DEL TRIUNFO MZ-B LOTE-1', '-', '-', '-', 'N', 'URB. VILLA MARIA DEL TRIUNFO MZ-B LOTE-1', '1', '-', '-', '-', 'A'),
('0101387', '1', '1', 'DELGADO DE ZEVALLOS MARITZA', 'DELGADO DE ZEVALLOS MARITZA', 'CUZCO 133                              _', '-', '-', '-', 'N', 'CUZCO 133                              _', '1', '-', '-', '-', 'A'),
('0101388', '1', '1', 'ALVAREZ SUNI JOSE LUIS', 'ALVAREZ SUNI JOSE LUIS', 'BEATERIO 230                           _', '-', '-', '-', 'N', 'BEATERIO 230                           _', '1', '-', '-', '-', 'A'),
('0101389', '1', '1', 'LLANOS CHALCO BRANLY', 'LLANOS CHALCO BRANLY', 'RAMIRO G-5 ALTO SELVA ALEGRE           _', '-', '-', '-', 'N', 'RAMIRO G-5 ALTO SELVA ALEGRE           _', '1', '-', '-', '-', 'A'),
('0101390', '1', '1', 'VALVERDE ORDOÑEZ JAVIER RAFAEL', 'VALVERDE ORDOÑEZ JAVIER RAFAEL', 'TUPAC AMARU 202 FRANCISCO BOLOGNESI    _', '-', '-', '-', 'N', 'TUPAC AMARU 202 FRANCISCO BOLOGNESI    _', '1', '-', '-', '-', 'A'),
('0101391', '1', '1', 'CHAVEZ ORTEGA SANTIAGO RICHARD', 'CHAVEZ ORTEGA SANTIAGO RICHARD', 'URB. LOS GIRASOLES A-11 DPTO 301       _', '-', '-', '-', 'N', 'URB. LOS GIRASOLES A-11 DPTO 301       _', '1', '-', '-', '-', 'A'),
('0101392', '1', '1', 'VALDIVIA MARTINEZ MIGUEL', 'VALDIVIA MARTINEZ MIGUEL', 'URB.LEON VIII H-23                     _', '-', '-', '-', 'N', 'URB.LEON VIII H-23                     _', '1', '-', '-', '-', 'A'),
('0101393', '1', '1', 'VALDIVIA  OSCAR ALFREDO', 'VALDIVIA  OSCAR ALFREDO', 'FRANCISCO MOSTAJO DPTO 203 BLOCK B-5 PIS', '-', '-', '-', 'N', 'FRANCISCO MOSTAJO DPTO 203 BLOCK B-5 PIS', '1', '-', '-', '-', 'A'),
('0101394', '1', '1', 'CUADROS ARENAS JUAN CARLOS', 'CUADROS ARENAS JUAN CARLOS', 'AV. RICARDO PALMA 298 MIRAFLORES       _', '-', '-', '-', 'N', 'AV. RICARDO PALMA 298 MIRAFLORES       _', '1', '-', '-', '-', 'A'),
('0101395', '1', '1', 'MONTOYA ROSALES ALEX', 'MONTOYA ROSALES ALEX', 'URB. PIEDRA SANTA SEGUNDA ETAPA X-1    _', '-', '-', '-', 'N', 'URB. PIEDRA SANTA SEGUNDA ETAPA X-1    _', '1', '-', '-', '-', 'A'),
('0101396', '1', '1', 'MORVELY CABRERA KLEVER MANUEL', 'MORVELY CABRERA KLEVER MANUEL', 'GRAL. VARENA 212 LARA                  _', '-', '-', '-', 'N', 'GRAL. VARENA 212 LARA                  _', '1', '-', '-', '-', 'A'),
('0101397', '1', '1', 'ZEGARRA HUERTA GRACIELA YDA', 'ZEGARRA HUERTA GRACIELA YDA', 'CALLE GARCILAZO DE LA VEGA NRO. 102    _', '-', '-', '-', 'N', 'CALLE GARCILAZO DE LA VEGA NRO. 102    _', '1', '-', '-', '-', 'A'),
('0101398', '1', '1', 'BUDIEL MOSCOSO MARIA DEL CARMEN', 'BUDIEL MOSCOSO MARIA DEL CARMEN', 'CALL. JERUSALEN 226                    _', '-', '-', '-', 'N', 'CALL. JERUSALEN 226                    _', '1', '-', '-', '-', 'A'),
('0101399', '1', '1', 'FIGUEROA CORNEJO FIGUEROA', 'FIGUEROA CORNEJO FIGUEROA', 'CALLE SANTA MARTHA 315-B               _', '-', '-', '-', 'N', 'CALLE SANTA MARTHA 315-B               _', '1', '-', '-', '-', 'A'),
('0101400', '1', '1', 'URDAY PAREJA ANTONIO', 'URDAY PAREJA ANTONIO', 'RESIDENSIAL VALLECITO J-3 CONSUELO     _', '-', '-', '-', 'N', 'RESIDENSIAL VALLECITO J-3 CONSUELO     _', '1', '-', '-', '-', 'A'),
('0101401', '1', '1', 'MAMANI CHIPANA EDWIN', 'MAMANI CHIPANA EDWIN', 'CALLE RIPACHA 140 SAN LAZARO           _', '-', '-', '-', 'N', 'CALLE RIPACHA 140 SAN LAZARO           _', '1', '-', '-', '-', 'A'),
('0101402', '1', '1', 'Ordoñez Ramos Juan Manuel', 'Ordoñez Ramos Juan Manuel', 'Abancay 300 San martin                 _', '-', '-', '-', 'N', 'Abancay 300 San martin                 _', '1', '-', '-', '-', 'A'),
('0101403', '1', '1', 'PAREDES PAREDES ALONSO MANUEL', 'PAREDES PAREDES ALONSO MANUEL', 'COOP. ENTEL PERU MZ. A LT. 10          _', '-', '-', '-', 'N', 'COOP. ENTEL PERU MZ. A LT. 10          _', '1', '-', '-', '-', 'A'),
('0101404', '1', '1', 'CONDORI UCHIRI CESAR JESUS', 'CONDORI UCHIRI CESAR JESUS', 'AV. MARIA PARADO DE BELLIDO 118 TUPAC AM', '-', '-', '-', 'N', 'AV. MARIA PARADO DE BELLIDO 118 TUPAC AM', '1', '-', '-', '-', 'A'),
('0101405', '1', '1', 'MALAGA ROSAS JAIRO CESAR', 'MALAGA ROSAS JAIRO CESAR', 'URB.AVIDGE A-5 DPTO 2 CAYMA            _', '-', '-', '-', 'N', 'URB.AVIDGE A-5 DPTO 2 CAYMA            _', '1', '-', '-', '-', 'A'),
('0101406', '1', '1', 'QUENTA TURPO LUIS ALBERTO', 'QUENTA TURPO LUIS ALBERTO', 'ASOC. DE VIVIENDA AMAZONAS ZONA-A MZ-J L', '-', '-', '-', 'N', 'ASOC. DE VIVIENDA AMAZONAS ZONA-A MZ-J L', '1', '-', '-', '-', 'A'),
('0101407', '1', '1', 'MANRIQUE ZUÑIGA SIXTO ALBERTO', 'MANRIQUE ZUÑIGA SIXTO ALBERTO', 'URB. SAN ISIDRO D-5 VALLECITO          _', '-', '-', '-', 'N', 'URB. SAN ISIDRO D-5 VALLECITO          _', '1', '-', '-', '-', 'A'),
('0101408', '1', '1', 'ADRIAZOLA SALDIVAR EDGAR', 'ADRIAZOLA SALDIVAR EDGAR', 'CORDOVA 201CERRO COLORADO              _', '-', '-', '-', 'N', 'CORDOVA 201CERRO COLORADO              _', '1', '-', '-', '-', 'A'),
('0101409', '1', '1', 'BUTILIER CHAVEZ EDGAR MATEO', 'BUTILIER CHAVEZ EDGAR MATEO', 'URB. LA COLINA MZ -C LOTE 5            _', '-', '-', '-', 'N', 'URB. LA COLINA MZ -C LOTE 5            _', '1', '-', '-', '-', 'A'),
('0101410', '1', '1', 'VALDIVIA BARRIGA YILMER', 'VALDIVIA BARRIGA YILMER', 'CIUDAD NUEVA BLOCK E-17 DPTO 4         _', '-', '-', '-', 'N', 'CIUDAD NUEVA BLOCK E-17 DPTO 4         _', '1', '-', '-', '-', 'A'),
('0101411', '1', '1', 'PAZ CALLE ERIKA GIULIANA', 'PAZ CALLE ERIKA GIULIANA', 'URB. CHALLAPAMPA J-3 CASA 1            _', '-', '-', '-', 'N', 'URB. CHALLAPAMPA J-3 CASA 1            _', '1', '-', '-', '-', 'A'),
('0101412', '1', '1', 'MENDOZA CHAVEZ ANTONIO', 'MENDOZA CHAVEZ ANTONIO', 'AV. CAYMA 206                          _', '-', '-', '-', 'N', 'AV. CAYMA 206                          _', '1', '-', '-', '-', 'A'),
('0101413', '1', '1', 'BURGOS VARGAS CARLOS HUMBERTO', 'BURGOS VARGAS CARLOS HUMBERTO', 'URB. SANTA ROSA DE LIMA X-4            _', '-', '-', '-', 'N', 'URB. SANTA ROSA DE LIMA X-4            _', '1', '-', '-', '-', 'A'),
('0101414', '1', '1', 'REATEGUI ORDOÑEZ JUAN EDUARDO', 'REATEGUI ORDOÑEZ JUAN EDUARDO', 'QUINTA CLAUDIA PISO 2 A-7              _', '-', '-', '-', 'N', 'QUINTA CLAUDIA PISO 2 A-7              _', '1', '-', '-', '-', 'A'),
('0101415', '1', '1', 'PEREA AMAT HALDER DONNY', 'PEREA AMAT HALDER DONNY', 'URB. LAS DUNAS DEL SUSR C-10 JOSE L. BUS', '-', '-', '-', 'N', 'URB. LAS DUNAS DEL SUSR C-10 JOSE L. BUS', '1', '-', '-', '-', 'A'),
('0101416', '1', '1', 'CARPIO SANCHEZ JUAN CARLOS', 'CARPIO SANCHEZ JUAN CARLOS', 'URB.LOS ALTITOS DPTO 101A CAYMA        _', '-', '-', '-', 'N', 'URB.LOS ALTITOS DPTO 101A CAYMA        _', '1', '-', '-', '-', 'A'),
('0101417', '1', '1', 'SALAS DE PORTILLA MARIA SALOME', 'SALAS DE PORTILLA MARIA SALOME', 'CRUCE DE CHARACATO-YARABAMBA S/N       _', '-', '-', '-', 'N', 'CRUCE DE CHARACATO-YARABAMBA S/N       _', '1', '-', '-', '-', 'A'),
('0101418', '1', '1', 'BERNEDO QUIROZ OSCAR', 'BERNEDO QUIROZ OSCAR', 'URB. COLEGIO DE INGENIEROS A-8         _', '-', '-', '-', 'N', 'URB. COLEGIO DE INGENIEROS A-8         _', '1', '-', '-', '-', 'A'),
('0101419', '1', '1', 'CALACHAHUIN SALAZAR WALTER', 'CALACHAHUIN SALAZAR WALTER', 'AV. ARGENTINA 105                      _', '-', '-', '-', 'N', 'AV. ARGENTINA 105                      _', '1', '-', '-', '-', 'A'),
('0101420', '1', '1', 'CHACALTANA DE PACHECO MIRIAM ROSSANA', 'CHACALTANA DE PACHECO MIRIAM ROSSANA', 'URB. SANTA MARIA II MZ-C LOTE 22       _', '-', '-', '-', 'N', 'URB. SANTA MARIA II MZ-C LOTE 22       _', '1', '-', '-', '-', 'A'),
('0101421', '1', '1', 'GAMERO DEL CARPIO ANTONIO', 'GAMERO DEL CARPIO ANTONIO', 'AV LOS INCAS MZ J LT 1 II ETAPA URB PABL', '-', '-', '-', 'N', 'AV LOS INCAS MZ J LT 1 II ETAPA URB PABL', '1', '-', '-', '-', 'A'),
('0101422', '1', '1', 'RODRIGUEZ GUILLEN GERHARD PAUL', 'RODRIGUEZ GUILLEN GERHARD PAUL', 'URB. ALVAREZ THOMAS D-4                _', '-', '-', '-', 'N', 'URB. ALVAREZ THOMAS D-4                _', '1', '-', '-', '-', 'A'),
('0101423', '1', '1', 'POSTIGO NEIRA LILIANA MARGARITA DEL CARM', 'POSTIGO NEIRA LILIANA MARGARITA DEL CARM', 'URB. LA PRADERA MZ. A LT. 36-37        _', '-', '-', '-', 'N', 'URB. LA PRADERA MZ. A LT. 36-37        _', '1', '-', '-', '-', 'A'),
('0101424', '1', '1', 'GALLEGOS MANRIQUE JAVIER MANUEL', 'GALLEGOS MANRIQUE JAVIER MANUEL', 'CALLE LAS VIOLETAS URB. LEONCIO PRADO I-', '-', '-', '-', 'N', 'CALLE LAS VIOLETAS URB. LEONCIO PRADO I-', '1', '-', '-', '-', 'A'),
('0101425', '1', '1', 'FLORES CARPIO ROMULO JULIO', 'FLORES CARPIO ROMULO JULIO', 'AV. ROOSVELT 301                       _', '-', '-', '-', 'N', 'AV. ROOSVELT 301                       _', '1', '-', '-', '-', 'A'),
('0101426', '1', '1', 'URDAY LUQUE OMAR ANTONIO', 'URDAY LUQUE OMAR ANTONIO', 'URB. TAHUAYCANI D 9- SACHACA           _', '-', '-', '-', 'N', 'URB. TAHUAYCANI D 9- SACHACA           _', '1', '-', '-', '-', 'A'),
('0101427', '1', '1', 'RIVAS VALDIVIA DE URBINA MERCEDES', 'RIVAS VALDIVIA DE URBINA MERCEDES', 'URB.JARDIN A13 YANAHUARA               _', '-', '-', '-', 'N', 'URB.JARDIN A13 YANAHUARA               _', '1', '-', '-', '-', 'A'),
('0101428', '1', '1', 'VALDIVIA CHACON FEDERICO DOMINGO', 'VALDIVIA CHACON FEDERICO DOMINGO', 'CA. ALFONSO UGARTE 701, 701 DPTO 101-D Y', '-', '-', '-', 'N', 'CA. ALFONSO UGARTE 701, 701 DPTO 101-D Y', '1', '-', '-', '-', 'A'),
('0101429', '1', '1', 'BALLON TEJADA FLOR DE MARIA', 'BALLON TEJADA FLOR DE MARIA', 'URB. ASIS II BLOCK B DPTO 104          _', '-', '-', '-', 'N', 'URB. ASIS II BLOCK B DPTO 104          _', '1', '-', '-', '-', 'A'),
('0101430', '1', '1', 'SOSA SALAS GIAMPIERO', 'SOSA SALAS GIAMPIERO', 'URB. SANTA PATRICIA A-6 YANAHUARA      _', '-', '-', '-', 'N', 'URB. SANTA PATRICIA A-6 YANAHUARA      _', '1', '-', '-', '-', 'A'),
('0101431', '1', '1', 'BOURONCLE TEJADA CARLOS JAVIER', 'BOURONCLE TEJADA CARLOS JAVIER', 'GARCIA CALDERON 411 A VALLECITO        _', '-', '-', '-', 'N', 'GARCIA CALDERON 411 A VALLECITO        _', '1', '-', '-', '-', 'A'),
('0101432', '1', '1', 'AZURIN ZAMORA DANIEL ANDY', 'AZURIN ZAMORA DANIEL ANDY', 'URB SAN RAFAEL C-2                     _', '-', '-', '-', 'N', 'URB SAN RAFAEL C-2                     _', '1', '-', '-', '-', 'A'),
('0101433', '1', '1', 'GUTIERREZ CABALLERO JORGE LUIS', 'GUTIERREZ CABALLERO JORGE LUIS', 'URB. PIEDRA SANTA 2DA ETAPA U-5 DPTO 4 _', '-', '-', '-', 'N', 'URB. PIEDRA SANTA 2DA ETAPA U-5 DPTO 4 _', '1', '-', '-', '-', 'A'),
('0101434', '1', '1', 'SOTO CLAVIJO MOISES DAMASO', 'SOTO CLAVIJO MOISES DAMASO', 'AV. LA MARINA 532 - INT. 119           _', '-', '-', '-', 'N', 'AV. LA MARINA 532 - INT. 119           _', '1', '-', '-', '-', 'A'),
('0101435', '1', '1', 'ORTIZ MENDOZA CHRISTIAN JOSE', 'ORTIZ MENDOZA CHRISTIAN JOSE', 'URB. LOS PORTALES MZ C-5               _', '-', '-', '-', 'N', 'URB. LOS PORTALES MZ C-5               _', '1', '-', '-', '-', 'A'),
('0101436', '1', '1', 'SEGOVIA VALENCIA LUIS VIGILIO', 'SEGOVIA VALENCIA LUIS VIGILIO', 'AV. LA FLORIDA 111 HUARANGUILLO        _', '-', '-', '-', 'N', 'AV. LA FLORIDA 111 HUARANGUILLO        _', '1', '-', '-', '-', 'A'),
('0101437', '1', '1', 'GUILLEN CENTI RONAL', 'GUILLEN CENTI RONAL', 'LA JOYA                                _', '-', '-', '-', 'N', 'LA JOYA                                _', '1', '-', '-', '-', 'A'),
('0101438', '1', '1', 'PAREDES AGUILAR DUBERLY JOSE', 'PAREDES AGUILAR DUBERLY JOSE', 'PASAJE CARDENAS L-13                   _', '-', '-', '-', 'N', 'PASAJE CARDENAS L-13                   _', '1', '-', '-', '-', 'A'),
('0101439', '1', '1', 'RATH ALVELLA JOSE LUIS', 'RATH ALVELLA JOSE LUIS', 'URB. 5TA TRISTAN S-5-B J.L.B. Y R.     _', '-', '-', '-', 'N', 'URB. 5TA TRISTAN S-5-B J.L.B. Y R.     _', '1', '-', '-', '-', 'A'),
('0101440', '1', '1', 'ZEBALLOS POSTIGO JHONY', 'ZEBALLOS POSTIGO JHONY', 'URB. QUINTA TRISTAN T-1                _', '-', '-', '-', 'N', 'URB. QUINTA TRISTAN T-1                _', '1', '-', '-', '-', 'A'),
('0101441', '1', '1', 'LAZO AGRAMONTE HUGO ALONSO', 'LAZO AGRAMONTE HUGO ALONSO', 'RES. LA RECOLETA 146 DPTO 302 B        _', '-', '-', '-', 'N', 'RES. LA RECOLETA 146 DPTO 302 B        _', '1', '-', '-', '-', 'A'),
('0101442', '1', '1', 'CORDOVA SAN ROMAN RICARDO MAURICIO', 'CORDOVA SAN ROMAN RICARDO MAURICIO', 'CALLE DEAN VALDIVIA CERCADO            _', '-', '-', '-', 'N', 'CALLE DEAN VALDIVIA CERCADO            _', '1', '-', '-', '-', 'A'),
('0101443', '1', '1', 'MEZA RAMIREZ GINO', 'MEZA RAMIREZ GINO', 'CALLE MIGUEL GRAU 302                  _', '-', '-', '-', 'N', 'CALLE MIGUEL GRAU 302                  _', '1', '-', '-', '-', 'A'),
('0101444', '1', '1', 'TEJADA PEREZ JHEYNER JOSE', 'TEJADA PEREZ JHEYNER JOSE', 'URB.SOLAR DE CHALLAPAMPA F-3 DPTO 1 C.CO', '-', '-', '-', 'N', 'URB.SOLAR DE CHALLAPAMPA F-3 DPTO 1 C.CO', '1', '-', '-', '-', 'A'),
('0101445', '1', '1', 'SANTOS VALDIVIA PAUL', 'SANTOS VALDIVIA PAUL', 'AYACUCHO 408                           _', '-', '-', '-', 'N', 'AYACUCHO 408                           _', '1', '-', '-', '-', 'A'),
('0101446', '1', '1', 'OTAZU IBAÑEZ JIMMY PEDRO', 'OTAZU IBAÑEZ JIMMY PEDRO', 'URB. SANTA ROSA DE LIMA                _', '-', '-', '-', 'N', 'URB. SANTA ROSA DE LIMA                _', '1', '-', '-', '-', 'A'),
('0101447', '1', '1', 'CANDIA VARGAS RICHARD', 'CANDIA VARGAS RICHARD', 'CALLE ALFONSO UGARTE 239               _', '-', '-', '-', 'N', 'CALLE ALFONSO UGARTE 239               _', '1', '-', '-', '-', 'A'),
('0101448', '1', '1', 'LAZARO NEIRA SAUL RONALD', 'LAZARO NEIRA SAUL RONALD', 'CALLE PUNO 725                         _', '-', '-', '-', 'N', 'CALLE PUNO 725                         _', '1', '-', '-', '-', 'A'),
('0101449', '1', '1', 'COLQUE CONSA WALTER', 'COLQUE CONSA WALTER', 'AV. ALFONSO URGARTE 308                _', '-', '-', '-', 'N', 'AV. ALFONSO URGARTE 308                _', '1', '-', '-', '-', 'A'),
('0101450', '1', '1', 'DIAZ MONTOYA YSABEL', 'DIAZ MONTOYA YSABEL', 'URB. SANTA CECILIA A-6                 _', '-', '-', '-', 'N', 'URB. SANTA CECILIA A-6                 _', '1', '-', '-', '-', 'A'),
('0101451', '1', '1', 'DIAZ MONDRAGON AMERICO', 'DIAZ MONDRAGON AMERICO', 'URB.VILLA JARDIN C-3 C.COLORADO        _', '-', '-', '-', 'N', 'URB.VILLA JARDIN C-3 C.COLORADO        _', '1', '-', '-', '-', 'A'),
('0101452', '1', '1', 'ANDREU CALIENES HANS JEREMY', 'ANDREU CALIENES HANS JEREMY', 'URB, BELLO AMANECER MZ. D LOTE 10      _', '-', '-', '-', 'N', 'URB, BELLO AMANECER MZ. D LOTE 10      _', '1', '-', '-', '-', 'A'),
('0101453', '1', '1', 'VALDEZ CORNEJO LUIS EDUARDO', 'VALDEZ CORNEJO LUIS EDUARDO', 'URB. LA ARBOLEDA C-5 DPTO.401          _', '-', '-', '-', 'N', 'URB. LA ARBOLEDA C-5 DPTO.401          _', '1', '-', '-', '-', 'A'),
('0101454', '1', '1', 'ZERECEDA DE VALDEZ PATRICIA MARIA', 'ZERECEDA DE VALDEZ PATRICIA MARIA', 'AV. LIMA 802 DPTO 401                  _', '-', '-', '-', 'N', 'AV. LIMA 802 DPTO 401                  _', '1', '-', '-', '-', 'A'),
('0101455', '1', '1', 'VALDIVIA DEL CASTILLO DARCY FERNANDO', 'VALDIVIA DEL CASTILLO DARCY FERNANDO', 'URB. LEON XIII A-18 CAYMA              _', '-', '-', '-', 'N', 'URB. LEON XIII A-18 CAYMA              _', '1', '-', '-', '-', 'A'),
('0101456', '1', '1', 'GARCIA PAZ RONAL', 'GARCIA PAZ RONAL', 'URB.LOS PORTALES MZ.J LT.8 DPTO 103    _', '-', '-', '-', 'N', 'URB.LOS PORTALES MZ.J LT.8 DPTO 103    _', '1', '-', '-', '-', 'A'),
('0101457', '1', '1', 'FLORES GUTIERREZ RENATO PATRICIO', 'FLORES GUTIERREZ RENATO PATRICIO', 'AV. PERU 112 FECIA                     _', '-', '-', '-', 'N', 'AV. PERU 112 FECIA                     _', '1', '-', '-', '-', 'A'),
('0101458', '1', '1', 'ARENAS CAMA FREDY', 'ARENAS CAMA FREDY', 'CONJ. HAB. DEAN VALDIVIA MZ. C LT. 3   _', '-', '-', '-', 'N', 'CONJ. HAB. DEAN VALDIVIA MZ. C LT. 3   _', '1', '-', '-', '-', 'A'),
('0101459', '1', '1', 'PAREDES QUISPE RAUL', 'PAREDES QUISPE RAUL', 'LOS PRADOS MZ A 1 SOCABAYA             _', '-', '-', '-', 'N', 'LOS PRADOS MZ A 1 SOCABAYA             _', '1', '-', '-', '-', 'A'),
('0101460', '1', '1', 'CARPIO NAVINTA SABINA TEODOSA', 'CARPIO NAVINTA SABINA TEODOSA', 'CIUDAD DE DIOS MZ-G LOTE 12            _', '-', '-', '-', 'N', 'CIUDAD DE DIOS MZ-G LOTE 12            _', '1', '-', '-', '-', 'A'),
('0101461', '1', '1', 'LAZARTE CONCHA LOURDES MARIA', 'LAZARTE CONCHA LOURDES MARIA', 'CALLE MIGUL GRAU 515 DPTO D-1          _', '-', '-', '-', 'N', 'CALLE MIGUL GRAU 515 DPTO D-1          _', '1', '-', '-', '-', 'A'),
('0101462', '1', '1', 'TEJADA VELASQUEZ YUSBRIEL', 'TEJADA VELASQUEZ YUSBRIEL', 'CALLE CHIMBOTE 213 SAN MARTIN DE SOCABAY', '-', '-', '-', 'N', 'CALLE CHIMBOTE 213 SAN MARTIN DE SOCABAY', '1', '-', '-', '-', 'A'),
('0101463', '1', '1', 'CCASA RAMOS BAUTISTA', 'CCASA RAMOS BAUTISTA', 'CALLE PIZARRO CON 7 JUNIO S/N CHIVAY   _', '-', '-', '-', 'N', 'CALLE PIZARRO CON 7 JUNIO S/N CHIVAY   _', '1', '-', '-', '-', 'A'),
('0101464', '1', '1', 'LAM LAZO JUAN CARLOS', 'LAM LAZO JUAN CARLOS', 'CALLE LA ISLA 222                      _', '-', '-', '-', 'N', 'CALLE LA ISLA 222                      _', '1', '-', '-', '-', 'A'),
('0101465', '1', '1', 'BALLON RODRIGUEZ CAROLINA PAOLA', 'BALLON RODRIGUEZ CAROLINA PAOLA', 'CALLE LUNA PIZARRO # 876 URB. VALLECITO_', '-', '-', '-', 'N', 'CALLE LUNA PIZARRO # 876 URB. VALLECITO_', '1', '-', '-', '-', 'A'),
('0101466', '1', '1', 'PERALTA VDA DE ROMERO DAMIANA DELMIRA', 'PERALTA VDA DE ROMERO DAMIANA DELMIRA', 'PROLO. AV. EJERCITO PSJ. LAS MERCEDES 20', '-', '-', '-', 'N', 'PROLO. AV. EJERCITO PSJ. LAS MERCEDES 20', '1', '-', '-', '-', 'A'),
('0101467', '1', '1', 'SUMERINDE ADCO PAOLA', 'SUMERINDE ADCO PAOLA', 'AV. PANAMERICANA 406 ALTO INCLAN       _', '-', '-', '-', 'N', 'AV. PANAMERICANA 406 ALTO INCLAN       _', '1', '-', '-', '-', 'A'),
('0101468', '1', '1', 'BUSTAMANTE ROMERO JUAN', 'BUSTAMANTE ROMERO JUAN', 'CUESTA DEL ANGEL 101                   _', '-', '-', '-', 'N', 'CUESTA DEL ANGEL 101                   _', '1', '-', '-', '-', 'A'),
('0101469', '1', '1', 'BELLIDO SALAVERRY SAMUEL', 'BELLIDO SALAVERRY SAMUEL', 'AV. SAN JERONIMO 522                   _', '-', '-', '-', 'N', 'AV. SAN JERONIMO 522                   _', '1', '-', '-', '-', 'A'),
('0101470', '1', '1', 'GARCIA CALDERON DE NEUENSCHWANDER INES', 'GARCIA CALDERON DE NEUENSCHWANDER INES', 'CHALLAPAMPA I-1                        _', '-', '-', '-', 'N', 'CHALLAPAMPA I-1                        _', '1', '-', '-', '-', 'A'),
('0101471', '1', '1', 'BUSTAMANTE OLIVARES JUAN IGNACIO', 'BUSTAMANTE OLIVARES JUAN IGNACIO', 'URB. LA CAMPIÑA MZ E LOTE 5-6 CAYMA    _', '-', '-', '-', 'N', 'URB. LA CAMPIÑA MZ E LOTE 5-6 CAYMA    _', '1', '-', '-', '-', 'A'),
('0101472', '1', '1', 'DELGADO VILLANUEVA JOSE', 'DELGADO VILLANUEVA JOSE', 'AV. INDEPENDENCIA AMERICANA B-14 DPTO 40', '-', '-', '-', 'N', 'AV. INDEPENDENCIA AMERICANA B-14 DPTO 40', '1', '-', '-', '-', 'A'),
('0101473', '1', '1', 'MICHELL LOPEZ DE ROMAÑA DEREK', 'MICHELL LOPEZ DE ROMAÑA DEREK', 'Juan de la Torre 101, San Lazaro       _', '-', '-', '-', 'N', 'Juan de la Torre 101, San Lazaro       _', '1', '-', '-', '-', 'A'),
('0101474', '1', '1', 'NOBOA DE SILVA MARIANA', 'NOBOA DE SILVA MARIANA', 'AREQUIPA                               _', '-', '-', '-', 'N', 'AREQUIPA                               _', '1', '-', '-', '-', 'A'),
('0101475', '1', '1', 'SALAS PINTO CESAR ERNESTO', 'SALAS PINTO CESAR ERNESTO', 'EL SOLAR DE CHALLAPAMPA H-10           _', '-', '-', '-', 'N', 'EL SOLAR DE CHALLAPAMPA H-10           _', '1', '-', '-', '-', 'A'),
('0101476', '1', '1', 'ALVARES VELAZQUES JOSE LUIS', 'ALVARES VELAZQUES JOSE LUIS', 'URB. DOLORES E-5                       _', '-', '-', '-', 'N', 'URB. DOLORES E-5                       _', '1', '-', '-', '-', 'A'),
('0101477', '1', '1', 'LUNA CHOQUEHUANCA CESAR', 'LUNA CHOQUEHUANCA CESAR', 'CALLE LOS ANGELES NRO 120 A MIGUEL GRAU_', '-', '-', '-', 'N', 'CALLE LOS ANGELES NRO 120 A MIGUEL GRAU_', '1', '-', '-', '-', 'A'),
('0101478', '1', '1', 'LOZADA COLLADO JUANCARLOS', 'LOZADA COLLADO JUANCARLOS', 'URB.LEON XIII                          _', '-', '-', '-', 'N', 'URB.LEON XIII                          _', '1', '-', '-', '-', 'A'),
('0101479', '1', '1', 'ALATRISTA RIVEROS CARLOS', 'ALATRISTA RIVEROS CARLOS', 'MONTE BELLO  I-8 C.C.                  _', '-', '-', '-', 'N', 'MONTE BELLO  I-8 C.C.                  _', '1', '-', '-', '-', 'A'),
('0101480', '1', '1', 'PAZ BENAVIDES JUAN CARLOS', 'PAZ BENAVIDES JUAN CARLOS', 'AV. ALFONSO UGARTE 1001 LA LIBERTAD    _', '-', '-', '-', 'N', 'AV. ALFONSO UGARTE 1001 LA LIBERTAD    _', '1', '-', '-', '-', 'A'),
('0101481', '1', '1', 'ESCOBAR  MAXIMILIANO JONATHAN', 'ESCOBAR  MAXIMILIANO JONATHAN', 'AV SALAVERRY S/N LARA                  _', '-', '-', '-', 'N', 'AV SALAVERRY S/N LARA                  _', '1', '-', '-', '-', 'A'),
('0101482', '1', '1', 'CONTRERAS RIVERO RENZO', 'CONTRERAS RIVERO RENZO', 'URB.EL ROSARIO F5 DPTO 102             _', '-', '-', '-', 'N', 'URB.EL ROSARIO F5 DPTO 102             _', '1', '-', '-', '-', 'A'),
('0101483', '1', '1', 'CACERES GUZMAN JAVIER FERNANDO', 'CACERES GUZMAN JAVIER FERNANDO', 'CALLE CARLOS VACA-FLOR 138 UMACOLLO    _', '-', '-', '-', 'N', 'CALLE CARLOS VACA-FLOR 138 UMACOLLO    _', '1', '-', '-', '-', 'A'),
('0101484', '1', '1', 'CHAVEZ TOLEDO OMAR HENRY', 'CHAVEZ TOLEDO OMAR HENRY', 'PUENTE ARNAO 705                       _', '-', '-', '-', 'N', 'PUENTE ARNAO 705                       _', '1', '-', '-', '-', 'A'),
('0101485', '1', '1', 'OVIEDO VENERO EXIO', 'OVIEDO VENERO EXIO', 'COOP. UNIVERSITARIA K-10               _', '-', '-', '-', 'N', 'COOP. UNIVERSITARIA K-10               _', '1', '-', '-', '-', 'A'),
('0101486', '1', '1', 'MAITA RODRIGUEZ MARCO ANTONIO', 'MAITA RODRIGUEZ MARCO ANTONIO', 'JR. MANUEL PRADO 546 CERCADO JULIACA   _', '-', '-', '-', 'N', 'JR. MANUEL PRADO 546 CERCADO JULIACA   _', '1', '-', '-', '-', 'A'),
('0101487', '1', '1', 'TORRES MOLINA ANTONIO', 'TORRES MOLINA ANTONIO', 'ALAMEDA URB. LA CANTUTA G-17           _', '-', '-', '-', 'N', 'ALAMEDA URB. LA CANTUTA G-17           _', '1', '-', '-', '-', 'A'),
('0101488', '1', '1', 'FLORES TEJADA JULIO C.', 'FLORES TEJADA JULIO C.', 'URB. RESIDENCIAL TAHUAYCANI D-2        _', '-', '-', '-', 'N', 'URB. RESIDENCIAL TAHUAYCANI D-2        _', '1', '-', '-', '-', 'A'),
('0101489', '1', '1', 'MUCHICA MAMANI SERGIO BRUNO', 'MUCHICA MAMANI SERGIO BRUNO', 'AV. TUPAC AMARU 204-A                  _', '-', '-', '-', 'N', 'AV. TUPAC AMARU 204-A                  _', '1', '-', '-', '-', 'A'),
('0101490', '1', '1', 'BARRIOS CONDORI RONALD', 'BARRIOS CONDORI RONALD', 'ASOCIAION ALTO CERRO VERDE E-11        _', '-', '-', '-', 'N', 'ASOCIAION ALTO CERRO VERDE E-11        _', '1', '-', '-', '-', 'A'),
('0101491', '1', '1', 'FERNANDEZ PONCE DE LEON LUIS', 'FERNANDEZ PONCE DE LEON LUIS', 'URB. LA GRUTA  A-5                     _', '-', '-', '-', 'N', 'URB. LA GRUTA  A-5                     _', '1', '-', '-', '-', 'A'),
('0101492', '1', '1', 'QUIROZ VENAVIDES HECTOR', 'QUIROZ VENAVIDES HECTOR', 'AQP                                    _', '-', '-', '-', 'N', 'AQP                                    _', '1', '-', '-', '-', 'A'),
('0101493', '1', '1', 'BARREDA DELGADO JESUS MANUEL', 'BARREDA DELGADO JESUS MANUEL', 'CALLE CHULLO 824 YANAHUARA             _', '-', '-', '-', 'N', 'CALLE CHULLO 824 YANAHUARA             _', '1', '-', '-', '-', 'A'),
('0101494', '1', '1', 'ZEGARRA VALDIVIA JAMES BERNABE', 'ZEGARRA VALDIVIA JAMES BERNABE', 'URB. RICARDO PALMA F-7 JOSE L. BUSTAMANT', '-', '-', '-', 'N', 'URB. RICARDO PALMA F-7 JOSE L. BUSTAMANT', '1', '-', '-', '-', 'A'),
('0101495', '1', '1', 'PIZARRO CUBA JEREMY', 'PIZARRO CUBA JEREMY', 'URB. PALACIO II J-3                    _', '-', '-', '-', 'N', 'URB. PALACIO II J-3                    _', '1', '-', '-', '-', 'A'),
('0101496', '1', '1', 'GUITTON AURDAY JAVIER', 'GUITTON AURDAY JAVIER', 'QUINTA LANDALUZA N° 12                 _', '-', '-', '-', 'N', 'QUINTA LANDALUZA N° 12                 _', '1', '-', '-', '-', 'A'),
('0101497', '1', '1', 'OVIEDO DIAZ MARIA VERONICA', 'OVIEDO DIAZ MARIA VERONICA', 'URB. JARDIN A-17 CASA 1                _', '-', '-', '-', 'N', 'URB. JARDIN A-17 CASA 1                _', '1', '-', '-', '-', 'A'),
('0101498', '1', '1', 'DEL CARPIO LOVON CARLOS ALBERTO', 'DEL CARPIO LOVON CARLOS ALBERTO', 'QUINTA LAS MORAS PASAJE PIZARRO LOTE F D', '-', '-', '-', 'N', 'QUINTA LAS MORAS PASAJE PIZARRO LOTE F D', '1', '-', '-', '-', 'A'),
('0101499', '1', '1', 'HERRERA GOMEZ JORGE LUIS', 'HERRERA GOMEZ JORGE LUIS', 'ASOC.SANTA ELISA MZ-D LT-11            _', '-', '-', '-', 'N', 'ASOC.SANTA ELISA MZ-D LT-11            _', '1', '-', '-', '-', 'A'),
('0101500', '1', '1', 'CACERES ZUÑIGA CAROLINA AMIRY', 'CACERES ZUÑIGA CAROLINA AMIRY', 'CERRO SAN JACINTO PLAZA CIVICA 105A    _', '-', '-', '-', 'N', 'CERRO SAN JACINTO PLAZA CIVICA 105A    _', '1', '-', '-', '-', 'A'),
('0101501', '1', '1', 'MANRIQUE DELGADO JYM', 'MANRIQUE DELGADO JYM', 'URB.JUAN XIII ..                       _', '-', '-', '-', 'N', 'URB.JUAN XIII ..                       _', '1', '-', '-', '-', 'A'),
('0101502', '1', '1', 'GUTIERREZ HUAMANI ALEX ALBERTO', 'GUTIERREZ HUAMANI ALEX ALBERTO', 'URB. CERRO COLORADO B-2 C. COLORADO    _', '-', '-', '-', 'N', 'URB. CERRO COLORADO B-2 C. COLORADO    _', '1', '-', '-', '-', 'A'),
('0101503', '1', '1', 'TORRES PONCE RENATO ELIOT MARTIN', 'TORRES PONCE RENATO ELIOT MARTIN', 'URB. LOS GUINDOS A-24                  _', '-', '-', '-', 'N', 'URB. LOS GUINDOS A-24                  _', '1', '-', '-', '-', 'A'),
('0101504', '1', '1', 'VASQUEZ MANRIQUE EDSON REYNALDO', 'VASQUEZ MANRIQUE EDSON REYNALDO', 'CALLE CESAR VALLEJO 207 DEP. 402       _', '-', '-', '-', 'N', 'CALLE CESAR VALLEJO 207 DEP. 402       _', '1', '-', '-', '-', 'A'),
('0101505', '1', '1', 'LUQUE CRUZ JOEL LEONARDO', 'LUQUE CRUZ JOEL LEONARDO', 'CALLE MARIANO MELGAR 605               _', '-', '-', '-', 'N', 'CALLE MARIANO MELGAR 605               _', '1', '-', '-', '-', 'A'),
('0101506', '1', '1', 'ENRRIQUEZ ZEA RICARDO', 'ENRRIQUEZ ZEA RICARDO', 'URB. CAMPO VERDE J-21                  _', '-', '-', '-', 'N', 'URB. CAMPO VERDE J-21                  _', '1', '-', '-', '-', 'A'),
('0101507', '1', '1', 'ZARATE CACERES EDWARD', 'ZARATE CACERES EDWARD', 'POLAR 104 A ACEQUIA ALTA CAYMA         _', '-', '-', '-', 'N', 'POLAR 104 A ACEQUIA ALTA CAYMA         _', '1', '-', '-', '-', 'A'),
('0101508', '1', '1', 'ZEZENARRO ORCONE WALTER', 'ZEZENARRO ORCONE WALTER', 'COOP. INGENIEROS A-1 LOS ARCES         _', '-', '-', '-', 'N', 'COOP. INGENIEROS A-1 LOS ARCES         _', '1', '-', '-', '-', 'A'),
('0101509', '1', '1', 'TORRES BERNEDO CATHERINE', 'TORRES BERNEDO CATHERINE', 'URB.TASAHUAYO H-21                     _', '-', '-', '-', 'N', 'URB.TASAHUAYO H-21                     _', '1', '-', '-', '-', 'A'),
('0101510', '1', '1', 'CAPA USCA JAYME', 'CAPA USCA JAYME', 'URB. CAMPO VERDE G-4                   _', '-', '-', '-', 'N', 'URB. CAMPO VERDE G-4                   _', '1', '-', '-', '-', 'A'),
('0101511', '1', '1', 'MAQUERA HUACHO WALTER JOSE', 'MAQUERA HUACHO WALTER JOSE', 'URB. SANTA FORTUNATA NRO A-2URB. CERCADO', '-', '-', '-', 'N', 'URB. SANTA FORTUNATA NRO A-2URB. CERCADO', '1', '-', '-', '-', 'A'),
('0101512', '1', '1', 'ESCOBAR VILLANUEVA CARLOS FRANCISCO', 'ESCOBAR VILLANUEVA CARLOS FRANCISCO', 'AV LETICIA 302                         _', '-', '-', '-', 'N', 'AV LETICIA 302                         _', '1', '-', '-', '-', 'A'),
('0101513', '1', '1', 'BENAVENTE REYES VICTOR FERNANDO', 'BENAVENTE REYES VICTOR FERNANDO', 'AV. SALAVERRY A-17 LARA                _', '-', '-', '-', 'N', 'AV. SALAVERRY A-17 LARA                _', '1', '-', '-', '-', 'A'),
('0101514', '1', '1', 'OLAZABAL ESCALANTE GLADYS', 'OLAZABAL ESCALANTE GLADYS', 'URB. FUNDO LOA TEJADA MZ-E LOTE 18     _', '-', '-', '-', 'N', 'URB. FUNDO LOA TEJADA MZ-E LOTE 18     _', '1', '-', '-', '-', 'A'),
('0101515', '1', '1', 'VALDIVIA VILLANUEVA FRANKLIN MANUEL', 'VALDIVIA VILLANUEVA FRANKLIN MANUEL', 'TENIENTE  PALACIO 118                  _', '-', '-', '-', 'N', 'TENIENTE  PALACIO 118                  _', '1', '-', '-', '-', 'A'),
('0101516', '1', '1', 'SANTANDER PAREDES JAVIER ARTURO', 'SANTANDER PAREDES JAVIER ARTURO', 'URB. BANCARIOS E-3                     _', '-', '-', '-', 'N', 'URB. BANCARIOS E-3                     _', '1', '-', '-', '-', 'A'),
('0101517', '1', '1', 'QUISPE MACHACA RAUL', 'QUISPE MACHACA RAUL', 'JR PEDRO VILCAPAZA BUENOS AIRES CAYMA  _', '-', '-', '-', 'N', 'JR PEDRO VILCAPAZA BUENOS AIRES CAYMA  _', '1', '-', '-', '-', 'A'),
('0101518', '1', '1', 'PAREDES VILLAVICENCIO GLENDY LEYLA', 'PAREDES VILLAVICENCIO GLENDY LEYLA', 'URB. CASUARINAS H-8                    _', '-', '-', '-', 'N', 'URB. CASUARINAS H-8                    _', '1', '-', '-', '-', 'A'),
('0101519', '1', '1', 'DIAZ RECABARREN MAURICIO', 'DIAZ RECABARREN MAURICIO', 'MANUEL BELGRANO C-4 URB.ALVARE         _', '-', '-', '-', 'N', 'MANUEL BELGRANO C-4 URB.ALVARE         _', '1', '-', '-', '-', 'A'),
('0101520', '1', '1', 'IBARGUEN SANTILLANA GIOVANNI', 'IBARGUEN SANTILLANA GIOVANNI', 'URB, LOS CEDROS MZ-D LT 1 -A           _', '-', '-', '-', 'N', 'URB, LOS CEDROS MZ-D LT 1 -A           _', '1', '-', '-', '-', 'A'),
('0101521', '1', '1', 'VALDIVIA ZAMBRANO JAIME', 'VALDIVIA ZAMBRANO JAIME', 'RES MONTEBELLO G-5                     _', '-', '-', '-', 'N', 'RES MONTEBELLO G-5                     _', '1', '-', '-', '-', 'A'),
('0101522', '1', '1', 'RAMOS YERBA YESICA', 'RAMOS YERBA YESICA', 'JIRON PASAJE ALFONSO UGARTE 213 CERRO CO', '-', '-', '-', 'N', 'JIRON PASAJE ALFONSO UGARTE 213 CERRO CO', '1', '-', '-', '-', 'A'),
('0101523', '1', '1', 'MUÑOZ MONTOYA JENNY KATHERINE', 'MUÑOZ MONTOYA JENNY KATHERINE', 'URB. SAN RAFAEL DTO 201 MZ C LT 2      _', '-', '-', '-', 'N', 'URB. SAN RAFAEL DTO 201 MZ C LT 2      _', '1', '-', '-', '-', 'A'),
('0101524', '1', '1', 'CALDERON VIZCARRA RAUL PEDRO', 'CALDERON VIZCARRA RAUL PEDRO', 'CONDOMINIO VALLE BLANCO 3RA ETAPA 75 BLO', '-', '-', '-', 'N', 'CONDOMINIO VALLE BLANCO 3RA ETAPA 75 BLO', '1', '-', '-', '-', 'A'),
('0101525', '1', '1', 'ALVARES ARTEAGA ALVARO PAUL', 'ALVARES ARTEAGA ALVARO PAUL', 'SAN MARTIN 105B CERRO COLORADO         _', '-', '-', '-', 'N', 'SAN MARTIN 105B CERRO COLORADO         _', '1', '-', '-', '-', 'A'),
('0101526', '1', '1', 'PAREDES CONTRERAS EDGAR DANIEL', 'PAREDES CONTRERAS EDGAR DANIEL', 'ADUCA C-28 DPTO 4 CHALLAPAMPA          _', '-', '-', '-', 'N', 'ADUCA C-28 DPTO 4 CHALLAPAMPA          _', '1', '-', '-', '-', 'A'),
('0101527', '1', '1', 'LAVALLE MAURICIO WILLIAN', 'LAVALLE MAURICIO WILLIAN', 'MZ-C LT.1 URB.ING.CAYMA                _', '-', '-', '-', 'N', 'MZ-C LT.1 URB.ING.CAYMA                _', '1', '-', '-', '-', 'A'),
('0101528', '1', '1', 'CONCHA LEON JORGE LUIS', 'CONCHA LEON JORGE LUIS', 'LOS JAZMINEZ 233 /URB. PRIMAVE         _', '-', '-', '-', 'N', 'LOS JAZMINEZ 233 /URB. PRIMAVE         _', '1', '-', '-', '-', 'A'),
('0101529', '1', '1', 'PAREDES MUJICA JOSE ROBERTO', 'PAREDES MUJICA JOSE ROBERTO', 'URB. LOS GLADEOLOS B-3 YANAHUARA       _', '-', '-', '-', 'N', 'URB. LOS GLADEOLOS B-3 YANAHUARA       _', '1', '-', '-', '-', 'A'),
('0101530', '1', '1', 'CUADROS GUEVARA JERSSON LEE', 'CUADROS GUEVARA JERSSON LEE', 'SAN PEDRO C-10                         _', '-', '-', '-', 'N', 'SAN PEDRO C-10                         _', '1', '-', '-', '-', 'A'),
('0101531', '1', '1', 'ARENAS CHAVEZ CHRISTIAN HERNAN', 'ARENAS CHAVEZ CHRISTIAN HERNAN', 'LOS ARCES 500 CAYMA - AREQUIPA         _', '-', '-', '-', 'N', 'LOS ARCES 500 CAYMA - AREQUIPA         _', '1', '-', '-', '-', 'A'),
('0101532', '1', '1', 'CARRERA HURTADO CARLOS RENE', 'CARRERA HURTADO CARLOS RENE', 'JR ZEPITA 548                          _', '-', '-', '-', 'N', 'JR ZEPITA 548                          _', '1', '-', '-', '-', 'A'),
('0101533', '1', '1', 'RONCAL GONZALEZ VICTOR HUGO', 'RONCAL GONZALEZ VICTOR HUGO', 'MZ-A LOTE 11 DPTO 101 URB. LOS PORTALES_', '-', '-', '-', 'N', 'MZ-A LOTE 11 DPTO 101 URB. LOS PORTALES_', '1', '-', '-', '-', 'A'),
('0101534', '1', '1', 'POLANCO ESPEZUA LIBERTAD MARCELINA', 'POLANCO ESPEZUA LIBERTAD MARCELINA', 'CALLE VIRGEN DE LA CANDELARIA B LT. B-2_', '-', '-', '-', 'N', 'CALLE VIRGEN DE LA CANDELARIA B LT. B-2_', '1', '-', '-', '-', 'A'),
('0101535', '1', '1', 'BARAZORDA ESCOBAR LUIS', 'BARAZORDA ESCOBAR LUIS', 'JUAN XXIII C-17 YANAHUARA              _', '-', '-', '-', 'N', 'JUAN XXIII C-17 YANAHUARA              _', '1', '-', '-', '-', 'A'),
('0101536', '1', '1', 'CAMPANO SALAS ANDY MANUEL', 'CAMPANO SALAS ANDY MANUEL', 'URB.STA ROSA DE LIMA N14               _', '-', '-', '-', 'N', 'URB.STA ROSA DE LIMA N14               _', '1', '-', '-', '-', 'A'),
('0101537', '1', '1', 'CARBAJAL MANZANO ADOLFO PAUL', 'CARBAJAL MANZANO ADOLFO PAUL', 'URB. AZIRUNI I ETAPA MZ-12 LT. 7       _', '-', '-', '-', 'N', 'URB. AZIRUNI I ETAPA MZ-12 LT. 7       _', '1', '-', '-', '-', 'A'),
('0101538', '1', '1', 'CHAVEZ MONROY ARTHUR JEREMY', 'CHAVEZ MONROY ARTHUR JEREMY', 'CORP. VICTOR ANDRES BELAUNDE G-3       _', '-', '-', '-', 'N', 'CORP. VICTOR ANDRES BELAUNDE G-3       _', '1', '-', '-', '-', 'A'),
('0101539', '1', '1', 'CHOQUEHUANCA ZAPATA WILFREDO', 'CHOQUEHUANCA ZAPATA WILFREDO', 'AV. HAYNACAPAC 952 LA TOMILLA          _', '-', '-', '-', 'N', 'AV. HAYNACAPAC 952 LA TOMILLA          _', '1', '-', '-', '-', 'A'),
('0101540', '1', '1', 'ABUID GOMEZ CHRISTIAN', 'ABUID GOMEZ CHRISTIAN', 'AV.LA PAZ 417 AREQUIPA                 _', '-', '-', '-', 'N', 'AV.LA PAZ 417 AREQUIPA                 _', '1', '-', '-', '-', 'A'),
('0101541', '1', '1', 'ANDIA SOLORZANO OLGER', 'ANDIA SOLORZANO OLGER', 'URB. LOS DIAMANTES C-7 TAHUAICANI      _', '-', '-', '-', 'N', 'URB. LOS DIAMANTES C-7 TAHUAICANI      _', '1', '-', '-', '-', 'A'),
('0101542', '1', '1', 'RAMOS CHOY CARMEN ROSA', 'RAMOS CHOY CARMEN ROSA', 'URB.LARA L9A SOCABAYA                  _', '-', '-', '-', 'N', 'URB.LARA L9A SOCABAYA                  _', '1', '-', '-', '-', 'A'),
('0101543', '1', '1', 'HUANQUI ROMERO JOSE', 'HUANQUI ROMERO JOSE', 'OSCAR BENAVIDES 408                    _', '-', '-', '-', 'N', 'OSCAR BENAVIDES 408                    _', '1', '-', '-', '-', 'A'),
('0101544', '1', '1', 'ZEGARRA BASTIDAS LIZ', 'ZEGARRA BASTIDAS LIZ', 'JR.BUENOS AIRES 201 CAYMA              _', '-', '-', '-', 'N', 'JR.BUENOS AIRES 201 CAYMA              _', '1', '-', '-', '-', 'A'),
('0101545', '1', '1', 'TICONA BARRETO OSCAR FREDDY', 'TICONA BARRETO OSCAR FREDDY', 'URB. LOS CARDENALES LT 4               _', '-', '-', '-', 'N', 'URB. LOS CARDENALES LT 4               _', '1', '-', '-', '-', 'A'),
('0101546', '1', '1', 'CHAMBI QUISPE ROBERT RICHARD', 'CHAMBI QUISPE ROBERT RICHARD', 'AV. TUPAC AMARU 1201, 15 DE AGOSTO     _', '-', '-', '-', 'N', 'AV. TUPAC AMARU 1201, 15 DE AGOSTO     _', '1', '-', '-', '-', 'A'),
('0101547', '1', '1', 'CASQUERO LIVIA JOSE FERNANDO', 'CASQUERO LIVIA JOSE FERNANDO', 'CHORRILLO MZ.W  LT.2                   _', '-', '-', '-', 'N', 'CHORRILLO MZ.W  LT.2                   _', '1', '-', '-', '-', 'A'),
('0101548', '1', '1', 'GUEVARA VIZCARRA ALONSO', 'GUEVARA VIZCARRA ALONSO', 'RESIDENCIAL VALLE BLANCO TERCERA ETAPA T', '-', '-', '-', 'N', 'RESIDENCIAL VALLE BLANCO TERCERA ETAPA T', '1', '-', '-', '-', 'A'),
('0101549', '1', '1', 'CORDOVA CHIRINOS ALEJANDRO', 'CORDOVA CHIRINOS ALEJANDRO', 'CALLE CAMANA 204 URB. PORVENIR APACHETA_', '-', '-', '-', 'N', 'CALLE CAMANA 204 URB. PORVENIR APACHETA_', '1', '-', '-', '-', 'A'),
('0101550', '1', '1', 'CARBAJAL CASTILLO LUIS', 'CARBAJAL CASTILLO LUIS', 'CALLE UGARTE 306 A YANAHUARA           _', '-', '-', '-', 'N', 'CALLE UGARTE 306 A YANAHUARA           _', '1', '-', '-', '-', 'A'),
('0101551', '1', '1', 'PEREZ TORRES ALEJANDRO', 'PEREZ TORRES ALEJANDRO', 'URB LAS CASUARINAS F-22                _', '-', '-', '-', 'N', 'URB LAS CASUARINAS F-22                _', '1', '-', '-', '-', 'A'),
('0101552', '1', '1', 'ORCCOHUARANCCA HOLGADO REYNALDO', 'ORCCOHUARANCCA HOLGADO REYNALDO', 'URB. JOSE SANTOS ATAHUALPA MZ-C 18     _', '-', '-', '-', 'N', 'URB. JOSE SANTOS ATAHUALPA MZ-C 18     _', '1', '-', '-', '-', 'A'),
('0101553', '1', '1', 'QUISPE QUISPE PRIMO WALTER', 'QUISPE QUISPE PRIMO WALTER', 'REYNA DE LA PAZ S/N ESPINAR            _', '-', '-', '-', 'N', 'REYNA DE LA PAZ S/N ESPINAR            _', '1', '-', '-', '-', 'A'),
('0101554', '1', '1', 'PEREIRA CHIPANA HELMES', 'PEREIRA CHIPANA HELMES', 'URB. SAN  ANTONIO A-3                  _', '-', '-', '-', 'N', 'URB. SAN  ANTONIO A-3                  _', '1', '-', '-', '-', 'A'),
('0101555', '1', '1', 'GOMEZ SALCEDO ROXANA YANETH', 'GOMEZ SALCEDO ROXANA YANETH', 'ASOC. ARTESANAL EL MISTI B-10 Z C      _', '-', '-', '-', 'N', 'ASOC. ARTESANAL EL MISTI B-10 Z C      _', '1', '-', '-', '-', 'A'),
('0101556', '1', '1', 'TORRES ZENTENO HENRY RICHARD', 'TORRES ZENTENO HENRY RICHARD', 'CALLE ABANCAY 203 URB. JORGE CHAVEZ    _', '-', '-', '-', 'N', 'CALLE ABANCAY 203 URB. JORGE CHAVEZ    _', '1', '-', '-', '-', 'A'),
('0101557', '1', '1', 'MONTEAGUDO ESPINOZA EDWIN GRIMALDO', 'MONTEAGUDO ESPINOZA EDWIN GRIMALDO', 'V.A.BELAUNDE M2 L8 C9                  _', '-', '-', '-', 'N', 'V.A.BELAUNDE M2 L8 C9                  _', '1', '-', '-', '-', 'A'),
('0101558', '1', '1', 'ALVAREZ MARTINEZ WALTER', 'ALVAREZ MARTINEZ WALTER', 'URB.BANCARIOS E-19 J.L.B.Y RIVERO      _', '-', '-', '-', 'N', 'URB.BANCARIOS E-19 J.L.B.Y RIVERO      _', '1', '-', '-', '-', 'A'),
('0101559', '1', '1', 'POSTIGO MAC DOWALL MAURICIO DANTE', 'POSTIGO MAC DOWALL MAURICIO DANTE', 'URB.CCOP.INGENIEROS H-10 CAYMA         _', '-', '-', '-', 'N', 'URB.CCOP.INGENIEROS H-10 CAYMA         _', '1', '-', '-', '-', 'A'),
('0101560', '1', '1', 'MEDINA MORA GIAN CARLO', 'MEDINA MORA GIAN CARLO', 'AV. ZAMACOLA 405                       _', '-', '-', '-', 'N', 'AV. ZAMACOLA 405                       _', '1', '-', '-', '-', 'A'),
('0101561', '1', '1', 'PAZ BENAVIDES RENZO OCTAVIO', 'PAZ BENAVIDES RENZO OCTAVIO', 'CALLE ALFONSO UGARTE 1001              _', '-', '-', '-', 'N', 'CALLE ALFONSO UGARTE 1001              _', '1', '-', '-', '-', 'A'),
('0101562', '1', '1', 'MOSCOSO SEJURO CAROLA STEPHANY', 'MOSCOSO SEJURO CAROLA STEPHANY', 'URB. VILLA JARDIN B-16                 _', '-', '-', '-', 'N', 'URB. VILLA JARDIN B-16                 _', '1', '-', '-', '-', 'A'),
('0101563', '1', '1', 'PAREDES TORRES OMAR', 'PAREDES TORRES OMAR', 'CALLE AMERICA  902                     _', '-', '-', '-', 'N', 'CALLE AMERICA  902                     _', '1', '-', '-', '-', 'A'),
('0101564', '1', '1', 'VIRTO CONCHA RAUL EFRAIN', 'VIRTO CONCHA RAUL EFRAIN', 'MALAGA  DRENET J-16 DPTO 302           _', '-', '-', '-', 'N', 'MALAGA  DRENET J-16 DPTO 302           _', '1', '-', '-', '-', 'A'),
('0101565', '1', '1', 'DEL RIO BERMUDEZ ADALI JULIA', 'DEL RIO BERMUDEZ ADALI JULIA', 'CALLE CHULLO 701 DPTO 506              _', '-', '-', '-', 'N', 'CALLE CHULLO 701 DPTO 506              _', '1', '-', '-', '-', 'A'),
('0101566', '1', '1', 'CANEPA LLOSA CARLOS CESAR', 'CANEPA LLOSA CARLOS CESAR', 'URB. LAS RETAMAS B-1                   _', '-', '-', '-', 'N', 'URB. LAS RETAMAS B-1                   _', '1', '-', '-', '-', 'A'),
('0101567', '1', '1', 'HIDALGO CHACON ROBERT BRYAN', 'HIDALGO CHACON ROBERT BRYAN', 'URB. SANTA ROSA DE LIMA 20-12          _', '-', '-', '-', 'N', 'URB. SANTA ROSA DE LIMA 20-12          _', '1', '-', '-', '-', 'A'),
('0101568', '1', '1', 'COHEN RUIZ FRANK AXEL', 'COHEN RUIZ FRANK AXEL', 'JR. LOS FAISANES 151 DPTO 502 D        _', '-', '-', '-', 'N', 'JR. LOS FAISANES 151 DPTO 502 D        _', '1', '-', '-', '-', 'A'),
('0101569', '1', '1', 'CHULLO CAHUANA EDWIN', 'CHULLO CAHUANA EDWIN', 'AV 28 DE JULIO 1227 G5 LA TOMILLA CAYMA_', '-', '-', '-', 'N', 'AV 28 DE JULIO 1227 G5 LA TOMILLA CAYMA_', '1', '-', '-', '-', 'A'),
('0101570', '1', '1', 'CERVANTES VELASCO ALONSO', 'CERVANTES VELASCO ALONSO', 'URB.PUERTA VERDE C1-7 AJ.L.B.Y. RIVERO _', '-', '-', '-', 'N', 'URB.PUERTA VERDE C1-7 AJ.L.B.Y. RIVERO _', '1', '-', '-', '-', 'A'),
('0101571', '1', '1', 'TORRES AMPUERO JOHANNA LIZETTE', 'TORRES AMPUERO JOHANNA LIZETTE', 'URB. LAS BUGANVILAS D-8                _', '-', '-', '-', 'N', 'URB. LAS BUGANVILAS D-8                _', '1', '-', '-', '-', 'A'),
('0101572', '1', '1', 'GUZMAN BENAVENTE JOSE CARLOS', 'GUZMAN BENAVENTE JOSE CARLOS', '9 DE DICIEMBRE 103 CUARTO CENTENARIO   _', '-', '-', '-', 'N', '9 DE DICIEMBRE 103 CUARTO CENTENARIO   _', '1', '-', '-', '-', 'A'),
('0101573', '1', '1', 'CASABONNE GUTIERREZ LUIS ERNESTO', 'CASABONNE GUTIERREZ LUIS ERNESTO', 'URB. LOS ANDENES A-19                  _', '-', '-', '-', 'N', 'URB. LOS ANDENES A-19                  _', '1', '-', '-', '-', 'A'),
('0101574', '1', '1', 'PALOMINO YUPA LUIS FERNANDO', 'PALOMINO YUPA LUIS FERNANDO', 'URB. TASAHUAYO MZ. C LT. 28            _', '-', '-', '-', 'N', 'URB. TASAHUAYO MZ. C LT. 28            _', '1', '-', '-', '-', 'A'),
('0101575', '1', '1', 'SOLIS VEGA GIANMARCO ADOLFO', 'SOLIS VEGA GIANMARCO ADOLFO', 'ROSASPATA  710 MARIANO MEGAR           _', '-', '-', '-', 'N', 'ROSASPATA  710 MARIANO MEGAR           _', '1', '-', '-', '-', 'A'),
('0101576', '1', '1', 'PINTO CHIRE ARTURO', 'PINTO CHIRE ARTURO', 'URB.MONTEREY B19                       _', '-', '-', '-', 'N', 'URB.MONTEREY B19                       _', '1', '-', '-', '-', 'A'),
('0101577', '1', '1', 'LAFONT FLORES SALIM', 'LAFONT FLORES SALIM', 'AV.ALFONSO UGARTE 563 AQP.             _', '-', '-', '-', 'N', 'AV.ALFONSO UGARTE 563 AQP.             _', '1', '-', '-', '-', 'A'),
('0101578', '1', '1', 'ROJAS MACEDO GUSTAVO', 'ROJAS MACEDO GUSTAVO', 'CALL.ROSASPATA 525                     _', '-', '-', '-', 'N', 'CALL.ROSASPATA 525                     _', '1', '-', '-', '-', 'A'),
('0101579', '1', '1', 'SANCHEZ VALLE JACK', 'SANCHEZ VALLE JACK', 'URB. LAS CASUARINAS E-3 UMACOLLO       _', '-', '-', '-', 'N', 'URB. LAS CASUARINAS E-3 UMACOLLO       _', '1', '-', '-', '-', 'A'),
('0101580', '1', '1', 'CARPIO SALAZAR PATRICIA', 'CARPIO SALAZAR PATRICIA', 'COOP. UNIVERSITARIA G-1 DPTO 3-B       _', '-', '-', '-', 'N', 'COOP. UNIVERSITARIA G-1 DPTO 3-B       _', '1', '-', '-', '-', 'A'),
('0101581', '1', '1', 'HERRERA VERA RUBÉN', 'HERRERA VERA RUBÉN', 'AV. ROSA TORO 827 DPTO 201             _', '-', '-', '-', 'N', 'AV. ROSA TORO 827 DPTO 201             _', '1', '-', '-', '-', 'A'),
('0101582', '1', '1', 'ABRIL COLLADO ROBERT', 'ABRIL COLLADO ROBERT', 'CONDOMINIO MURANO DEP. 103-A COOP. INGEN', '-', '-', '-', 'N', 'CONDOMINIO MURANO DEP. 103-A COOP. INGEN', '1', '-', '-', '-', 'A'),
('0101583', '1', '1', 'CHAVEZ ZUÑIGA JOSE ALFREDO', 'CHAVEZ ZUÑIGA JOSE ALFREDO', 'CALLE ARICA 700 DTO. 204               _', '-', '-', '-', 'N', 'CALLE ARICA 700 DTO. 204               _', '1', '-', '-', '-', 'A'),
('0101584', '1', '1', 'QUISPE QUISPE JORGE HERNAN', 'QUISPE QUISPE JORGE HERNAN', 'ASOC. VILLA SANTA MARIA MZ-A LOTE 5    _', '-', '-', '-', 'N', 'ASOC. VILLA SANTA MARIA MZ-A LOTE 5    _', '1', '-', '-', '-', 'A'),
('0101585', '1', '1', 'MORALES PEÑA GUILLERMO CHRISTOPHER', 'MORALES PEÑA GUILLERMO CHRISTOPHER', 'SOR ANA DE LOS ANGELES BLOCK F-DPTO 403_', '-', '-', '-', 'N', 'SOR ANA DE LOS ANGELES BLOCK F-DPTO 403_', '1', '-', '-', '-', 'A'),
('0101586', '1', '1', 'ALARCON RAMOS CESAR', 'ALARCON RAMOS CESAR', 'CALLE MARQUEZ DE GUADALCAZAR 153       _', '-', '-', '-', 'N', 'CALLE MARQUEZ DE GUADALCAZAR 153       _', '1', '-', '-', '-', 'A'),
('0101587', '1', '1', 'FERNANDEZ CORIMAYA PRESCILLA JULIETT', 'FERNANDEZ CORIMAYA PRESCILLA JULIETT', 'URB. 12 DE OCTUBRE                     _', '-', '-', '-', 'N', 'URB. 12 DE OCTUBRE                     _', '1', '-', '-', '-', 'A'),
('0101588', '1', '1', 'ESPINOZA LLACHO JULIAN PABLO', 'ESPINOZA LLACHO JULIAN PABLO', 'URB. JLBYR MZ. 3 LOTE 1 SECTOR 2       _', '-', '-', '-', 'N', 'URB. JLBYR MZ. 3 LOTE 1 SECTOR 2       _', '1', '-', '-', '-', 'A'),
('0101589', '1', '1', 'MERMA OXSA EFRAIN EDWARD', 'MERMA OXSA EFRAIN EDWARD', 'AV. AVIACION 108-A URB. FRANCISCO BOLOGN', '-', '-', '-', 'N', 'AV. AVIACION 108-A URB. FRANCISCO BOLOGN', '1', '-', '-', '-', 'A'),
('0101590', '1', '1', 'CARRION BACA GEORGE ALBERT SEBASTIAN', 'CARRION BACA GEORGE ALBERT SEBASTIAN', 'MIRASOL DE CAYMA D-2 PRIMER PISO ANGELES', '-', '-', '-', 'N', 'MIRASOL DE CAYMA D-2 PRIMER PISO ANGELES', '1', '-', '-', '-', 'A'),
('0101591', '1', '1', 'SALINAS DIAZ RANDOLL RAFAEL', 'SALINAS DIAZ RANDOLL RAFAEL', 'COOP. LAMBRAMANI C-11 JOSE LUIS BUSTAMAN', '-', '-', '-', 'N', 'COOP. LAMBRAMANI C-11 JOSE LUIS BUSTAMAN', '1', '-', '-', '-', 'A'),
('0101592', '1', '1', 'ZAPATA GOMEZ CESAR OSWALDO', 'ZAPATA GOMEZ CESAR OSWALDO', 'URB. PIEDRA SANTA 2DA ETAPA W-5        _', '-', '-', '-', 'N', 'URB. PIEDRA SANTA 2DA ETAPA W-5        _', '1', '-', '-', '-', 'A'),
('0101593', '1', '1', 'HIGA MORAN ROGELIO', 'HIGA MORAN ROGELIO', 'GARCILAZO DE LA VEGA 308 DEPT. 301     _', '-', '-', '-', 'N', 'GARCILAZO DE LA VEGA 308 DEPT. 301     _', '1', '-', '-', '-', 'A'),
('0101594', '1', '1', 'ZEGARRA RODRIGUEZ ALEXANDER', 'ZEGARRA RODRIGUEZ ALEXANDER', 'AREQUIPA                               _', '-', '-', '-', 'N', 'AREQUIPA                               _', '1', '-', '-', '-', 'A'),
('0101595', '1', '1', 'PERALTA CALCINA DAVID', 'PERALTA CALCINA DAVID', 'CALLE ABRAHAM VALDELOMAR C-19          _', '-', '-', '-', 'N', 'CALLE ABRAHAM VALDELOMAR C-19          _', '1', '-', '-', '-', 'A'),
('0101596', '1', '1', 'RAMOS QUISPE JAVIER PEDRO', 'RAMOS QUISPE JAVIER PEDRO', 'URB. JOSE OLAYA A-15 CAYMA             _', '-', '-', '-', 'N', 'URB. JOSE OLAYA A-15 CAYMA             _', '1', '-', '-', '-', 'A'),
('0101597', '1', '1', 'MENDOZA BONILLA CARLOS', 'MENDOZA BONILLA CARLOS', 'URB. TORRES DE SAN CARLOS EDIF. N° 12 DP', '-', '-', '-', 'N', 'URB. TORRES DE SAN CARLOS EDIF. N° 12 DP', '1', '-', '-', '-', 'A'),
('0101598', '1', '1', 'CHALLCO CHICATA BENIGNO', 'CHALLCO CHICATA BENIGNO', 'CIUDAD MUNICIPAL ZONA 9 LOT - 2        _', '-', '-', '-', 'N', 'CIUDAD MUNICIPAL ZONA 9 LOT - 2        _', '1', '-', '-', '-', 'A'),
('0101599', '1', '1', 'BEGAZO TALAVERA BRUNO', 'BEGAZO TALAVERA BRUNO', 'MIGUEL GRAU N.570 DPTO.304             _', '-', '-', '-', 'N', 'MIGUEL GRAU N.570 DPTO.304             _', '1', '-', '-', '-', 'A'),
('0101600', '1', '1', 'CONTRERAS FARFAN MICHAEL', 'CONTRERAS FARFAN MICHAEL', 'CALLE GABRIELA MISTRAL 132 DPTO 402    _', '-', '-', '-', 'N', 'CALLE GABRIELA MISTRAL 132 DPTO 402    _', '1', '-', '-', '-', 'A'),
('0101601', '1', '1', 'PALOMINO PINTO NOELIA PATRICIA', 'PALOMINO PINTO NOELIA PATRICIA', 'URB. SANTA ROSA DE LIMA N-5            _', '-', '-', '-', 'N', 'URB. SANTA ROSA DE LIMA N-5            _', '1', '-', '-', '-', 'A'),
('0101602', '1', '1', 'IBAÑEZ COAYLA MANUEL ALFREDO', 'IBAÑEZ COAYLA MANUEL ALFREDO', 'CALLE BENITO BONIFAZ 303               _', '-', '-', '-', 'N', 'CALLE BENITO BONIFAZ 303               _', '1', '-', '-', '-', 'A'),
('0101603', '1', '1', 'GARCIA AVILES LUIS MIGUEL', 'GARCIA AVILES LUIS MIGUEL', 'URB.V.A.BELAUNDE W-31                  _', '-', '-', '-', 'N', 'URB.V.A.BELAUNDE W-31                  _', '1', '-', '-', '-', 'A'),
('0101604', '1', '1', 'CALLINAPA ARAGON LEONEL DERLY', 'CALLINAPA ARAGON LEONEL DERLY', 'ASOC VILLA CONTINENTAL LL-4 CAYMA      _', '-', '-', '-', 'N', 'ASOC VILLA CONTINENTAL LL-4 CAYMA      _', '1', '-', '-', '-', 'A'),
('0101605', '1', '1', 'CHOIS MOSTAJO RICARDO', 'CHOIS MOSTAJO RICARDO', 'EL CORREJIDOR 1-D DEP 104              _', '-', '-', '-', 'N', 'EL CORREJIDOR 1-D DEP 104              _', '1', '-', '-', '-', 'A'),
('0101606', '1', '1', 'JIMENEZ CORNEJO MARIANELA', 'JIMENEZ CORNEJO MARIANELA', 'COOP. DANIEL ALCIDES CARRION E-22      _', '-', '-', '-', 'N', 'COOP. DANIEL ALCIDES CARRION E-22      _', '1', '-', '-', '-', 'A'),
('0101607', '1', '1', 'FERNADEZ SARMIENTO JOSE MANUEL', 'FERNADEZ SARMIENTO JOSE MANUEL', 'URB.VILLA AREQUIPA C-3                 _', '-', '-', '-', 'N', 'URB.VILLA AREQUIPA C-3                 _', '1', '-', '-', '-', 'A'),
('0101608', '1', '1', 'CRUZ HUAMANI LUIS ALBERTO', 'CRUZ HUAMANI LUIS ALBERTO', 'URB. JORGE BASADRE C-1                 _', '-', '-', '-', 'N', 'URB. JORGE BASADRE C-1                 _', '1', '-', '-', '-', 'A'),
('0101609', '1', '1', 'NEYRA ARAOZ JORGE HOMERO', 'NEYRA ARAOZ JORGE HOMERO', 'HOYOS RUBIO Z-22 SELVA ALEGRE          _', '-', '-', '-', 'N', 'HOYOS RUBIO Z-22 SELVA ALEGRE          _', '1', '-', '-', '-', 'A'),
('0101610', '1', '1', 'HUANCA MAYTA ALFREDO', 'HUANCA MAYTA ALFREDO', 'CALLE ROMA 347 SANTA ROSA              _', '-', '-', '-', 'N', 'CALLE ROMA 347 SANTA ROSA              _', '1', '-', '-', '-', 'A'),
('0101611', '1', '1', 'ASTORGA ARENAS DARIO ISVAN', 'ASTORGA ARENAS DARIO ISVAN', 'CALLE FILTRO 407                       _', '-', '-', '-', 'N', 'CALLE FILTRO 407                       _', '1', '-', '-', '-', 'A'),
('0101612', '1', '1', 'PAREDES MUÑOZ ROMINA PATRICIA', 'PAREDES MUÑOZ ROMINA PATRICIA', 'AV GOYENECHE 900                       _', '-', '-', '-', 'N', 'AV GOYENECHE 900                       _', '1', '-', '-', '-', 'A'),
('0101613', '1', '1', 'MAMANI BALDARRAGO DARWIN CARLOS', 'MAMANI BALDARRAGO DARWIN CARLOS', 'CALLE LA OROYA 205 URB. SAN MARTIN DE SO', '-', '-', '-', 'N', 'CALLE LA OROYA 205 URB. SAN MARTIN DE SO', '1', '-', '-', '-', 'A'),
('0101614', '1', '1', 'TRAVERSO CHUMIOQUE MILTON RIVELINO', 'TRAVERSO CHUMIOQUE MILTON RIVELINO', 'ASC. URB. JLBYR SECTOR VIII SUPERMZ 18 M', '-', '-', '-', 'N', 'ASC. URB. JLBYR SECTOR VIII SUPERMZ 18 M', '1', '-', '-', '-', 'A'),
('0101615', '1', '1', 'ACHAHUANCO MOLINA GUILLERMO', 'ACHAHUANCO MOLINA GUILLERMO', 'CASIMIRO CUADROS 2 G-37 CAYMA          _', '-', '-', '-', 'N', 'CASIMIRO CUADROS 2 G-37 CAYMA          _', '1', '-', '-', '-', 'A'),
('0101616', '1', '1', 'ORTIZ SANCHEZ YANINA', 'ORTIZ SANCHEZ YANINA', 'AV.PUMACAHUA 310 B DPTO 4 C.COLORADO   _', '-', '-', '-', 'N', 'AV.PUMACAHUA 310 B DPTO 4 C.COLORADO   _', '1', '-', '-', '-', 'A'),
('0101617', '1', '1', 'PAREDES MUJICA RICHARD ALONSO', 'PAREDES MUJICA RICHARD ALONSO', 'URB. LOS GLADIOLOS  B-3                _', '-', '-', '-', 'N', 'URB. LOS GLADIOLOS  B-3                _', '1', '-', '-', '-', 'A'),
('0101618', '1', '1', 'ELCORROBARRUTIA SOTO JOSE MANUEL', 'ELCORROBARRUTIA SOTO JOSE MANUEL', 'VALLE BLANCO 85 TORRE 1 DPTO 301       _', '-', '-', '-', 'N', 'VALLE BLANCO 85 TORRE 1 DPTO 301       _', '1', '-', '-', '-', 'A'),
('0101619', '1', '1', 'ROZAS MEDINA MARCO ANTONIO', 'ROZAS MEDINA MARCO ANTONIO', 'URB. LOS ALAMOS 3ra ETAPA A-10 PAUCARPAT', '-', '-', '-', 'N', 'URB. LOS ALAMOS 3ra ETAPA A-10 PAUCARPAT', '1', '-', '-', '-', 'A'),
('0101620', '1', '1', 'PEÑA ALVAREZ RENZO', 'PEÑA ALVAREZ RENZO', 'PSJE OROYA 204                         _', '-', '-', '-', 'N', 'PSJE OROYA 204                         _', '1', '-', '-', '-', 'A'),
('0101621', '1', '1', 'MEDINA URETA ALBERTO MARTIN', 'MEDINA URETA ALBERTO MARTIN', 'URB. PAISAJISTA CHILINA D-6  DPTO 101  _', '-', '-', '-', 'N', 'URB. PAISAJISTA CHILINA D-6  DPTO 101  _', '1', '-', '-', '-', 'A'),
('0101622', '1', '1', 'CORNEJO ARAGON JOSE FRANCISCO', 'CORNEJO ARAGON JOSE FRANCISCO', 'URB. PIEDRA SANTA SEGUNDA ETAPA T-18 DPT', '-', '-', '-', 'N', 'URB. PIEDRA SANTA SEGUNDA ETAPA T-18 DPT', '1', '-', '-', '-', 'A'),
('0101623', '1', '1', 'QUINTANILLA RODRIGUEZ DIEGO', 'QUINTANILLA RODRIGUEZ DIEGO', 'URB. SEÑORIAL I-1A CAYMA               _', '-', '-', '-', 'N', 'URB. SEÑORIAL I-1A CAYMA               _', '1', '-', '-', '-', 'A'),
('0101624', '1', '1', 'RAMIREZ RODRIGUEZ RICARDO', 'RAMIREZ RODRIGUEZ RICARDO', 'AQP                                    _', '-', '-', '-', 'N', 'AQP                                    _', '1', '-', '-', '-', 'A'),
('0101625', '1', '1', 'MAMANI ANCALLE LUZ MARIBEL', 'MAMANI ANCALLE LUZ MARIBEL', 'CALLE VILLA HERMOSA 101 A CERRO COLORADO', '-', '-', '-', 'N', 'CALLE VILLA HERMOSA 101 A CERRO COLORADO', '1', '-', '-', '-', 'A'),
('0101626', '1', '1', 'CAMINO VARGAS MARVIN LUIGUI', 'CAMINO VARGAS MARVIN LUIGUI', 'URB. CASA BELLA A-13                   _', '-', '-', '-', 'N', 'URB. CASA BELLA A-13                   _', '1', '-', '-', '-', 'A'),
('0101627', '1', '1', 'CONCHA MANRIQUE ERNESTO MIGUEL', 'CONCHA MANRIQUE ERNESTO MIGUEL', 'EDIFICIO NICOLAS DE PIEROLA BLOCK 2 DPTO', '-', '-', '-', 'N', 'EDIFICIO NICOLAS DE PIEROLA BLOCK 2 DPTO', '1', '-', '-', '-', 'A'),
('0101628', '1', '1', 'BORJA HUARCAYA SILVIA JIMENA', 'BORJA HUARCAYA SILVIA JIMENA', 'AV BOLOGNESI 714 DPTO 8-B CAYM         _', '-', '-', '-', 'N', 'AV BOLOGNESI 714 DPTO 8-B CAYM         _', '1', '-', '-', '-', 'A'),
('0101629', '1', '1', 'CARPIO BARRIOS ORLANDO JESUS', 'CARPIO BARRIOS ORLANDO JESUS', 'FCO. MOSTAJO 104 STA. ROSA             _', '-', '-', '-', 'N', 'FCO. MOSTAJO 104 STA. ROSA             _', '1', '-', '-', '-', 'A'),
('0101630', '1', '1', 'ESPINOZA BENEL RAUL', 'ESPINOZA BENEL RAUL', 'URB. EL MIRADOR A-6 CAYMA              _', '-', '-', '-', 'N', 'URB. EL MIRADOR A-6 CAYMA              _', '1', '-', '-', '-', 'A'),
('0101631', '1', '1', 'ACOSTA PALACIOS RENZO', 'ACOSTA PALACIOS RENZO', 'URB. LOS GUINDOS A-23 CAYMA            _', '-', '-', '-', 'N', 'URB. LOS GUINDOS A-23 CAYMA            _', '1', '-', '-', '-', 'A'),
('0101632', '1', '1', 'ZAMBRANO FUENTES JOSE ANTONIO', 'ZAMBRANO FUENTES JOSE ANTONIO', 'URB. SAN MARTIN DE PORRES F-1          _', '-', '-', '-', 'N', 'URB. SAN MARTIN DE PORRES F-1          _', '1', '-', '-', '-', 'A'),
('0101633', '1', '1', 'CASTILLO ABRIL RAUL PIERRE', 'CASTILLO ABRIL RAUL PIERRE', 'URB. JORGE BASADRE B-20 DPTO 201       _', '-', '-', '-', 'N', 'URB. JORGE BASADRE B-20 DPTO 201       _', '1', '-', '-', '-', 'A'),
('0101634', '1', '1', 'VILLANUEVA ARIAS JOAN', 'VILLANUEVA ARIAS JOAN', 'CALLE LORETO 327 - UMACOLLO            _', '-', '-', '-', 'N', 'CALLE LORETO 327 - UMACOLLO            _', '1', '-', '-', '-', 'A'),
('0101635', '1', '1', 'CATACORA LEON MARCO ANTONIO', 'CATACORA LEON MARCO ANTONIO', 'SOLAR DEL BOSQUE E-6                   _', '-', '-', '-', 'N', 'SOLAR DEL BOSQUE E-6                   _', '1', '-', '-', '-', 'A'),
('0101636', '1', '1', 'FRANCO ARENAS MARVIN DAVID', 'FRANCO ARENAS MARVIN DAVID', 'MERCADERES 130 DPTO 201                _', '-', '-', '-', 'N', 'MERCADERES 130 DPTO 201                _', '1', '-', '-', '-', 'A'),
('0101637', '1', '1', 'QUISPE SUASACA PEDRO JAVIER', 'QUISPE SUASACA PEDRO JAVIER', 'JR.MOQUEGUA LT. 7-C MZ. 4 URB. PACHACUTE', '-', '-', '-', 'N', 'JR.MOQUEGUA LT. 7-C MZ. 4 URB. PACHACUTE', '1', '-', '-', '-', 'A'),
('0101638', '1', '1', 'CARPIO CARPIO JOSE MIQUEL', 'CARPIO CARPIO JOSE MIQUEL', 'URB. JUAN MANUEL POLAR MZ. F LT.11     _', '-', '-', '-', 'N', 'URB. JUAN MANUEL POLAR MZ. F LT.11     _', '1', '-', '-', '-', 'A'),
('0101639', '1', '1', 'PAZO HERRERA EDDER ARNALDO', 'PAZO HERRERA EDDER ARNALDO', 'CALLE MIGUEL GRAU 305                  _', '-', '-', '-', 'N', 'CALLE MIGUEL GRAU 305                  _', '1', '-', '-', '-', 'A'),
('0101640', '1', '1', 'BECERRA CALLATA MANUEL', 'BECERRA CALLATA MANUEL', 'CALLE MELGAR 608 CERCADO               _', '-', '-', '-', 'N', 'CALLE MELGAR 608 CERCADO               _', '1', '-', '-', '-', 'A'),
('0101641', '1', '1', 'BENAVENTE CHURA SANTIAGO', 'BENAVENTE CHURA SANTIAGO', 'ASOC. VILLA MAGISTERIAL ZONA 4 MZ 3  CER', '-', '-', '-', 'N', 'ASOC. VILLA MAGISTERIAL ZONA 4 MZ 3  CER', '1', '-', '-', '-', 'A'),
('0101642', '1', '1', 'DIAZ PAREDES OMAR', 'DIAZ PAREDES OMAR', 'CALLE RAMON CASTILLA 114               _', '-', '-', '-', 'N', 'CALLE RAMON CASTILLA 114               _', '1', '-', '-', '-', 'A'),
('0101643', '1', '1', 'CAHUANA  RICHARD MIGUEL', 'CAHUANA  RICHARD MIGUEL', 'CALLE 30DE AGOSTO NRO 901 URB. SANTA ROS', '-', '-', '-', 'N', 'CALLE 30DE AGOSTO NRO 901 URB. SANTA ROS', '1', '-', '-', '-', 'A'),
('0101644', '1', '1', 'VILLANUEVA TEJADA JULIO ERNESTO', 'VILLANUEVA TEJADA JULIO ERNESTO', 'CALLE INDEPENDENCIA S-3                _', '-', '-', '-', 'N', 'CALLE INDEPENDENCIA S-3                _', '1', '-', '-', '-', 'A'),
('0101645', '1', '1', 'VALDIVIA HUAMANI IVAN ROGELIO', 'VALDIVIA HUAMANI IVAN ROGELIO', 'CALLE PORCEL 220 URB. MARIA ISABEL CERCA', '-', '-', '-', 'N', 'CALLE PORCEL 220 URB. MARIA ISABEL CERCA', '1', '-', '-', '-', 'A'),
('0101646', '1', '1', 'APARICIO QUILLUYA PAUL', 'APARICIO QUILLUYA PAUL', 'COOP.A.A.CACERES,MARCAVALLE MZ.R LT.17 _', '-', '-', '-', 'N', 'COOP.A.A.CACERES,MARCAVALLE MZ.R LT.17 _', '1', '-', '-', '-', 'A'),
('0101647', '1', '1', 'FERNANDEZ BADAREZO PEDRO ADOLFO', 'FERNANDEZ BADAREZO PEDRO ADOLFO', 'EL CORTIJO B4 C.COLORADO               _', '-', '-', '-', 'N', 'EL CORTIJO B4 C.COLORADO               _', '1', '-', '-', '-', 'A'),
('0101648', '1', '1', 'QUEQUE VARGAS EDWIN', 'QUEQUE VARGAS EDWIN', 'CIUDAD DE DIOS KM 16 LOT 7 MZ E        _', '-', '-', '-', 'N', 'CIUDAD DE DIOS KM 16 LOT 7 MZ E        _', '1', '-', '-', '-', 'A'),
('0101649', '1', '1', 'MILLER GUZMAN CARLOS JOE', 'MILLER GUZMAN CARLOS JOE', 'AMPATACOCHA 227                        _', '-', '-', '-', 'N', 'AMPATACOCHA 227                        _', '1', '-', '-', '-', 'A'),
('0101650', '1', '1', 'VIZCARRA FERREYRA MIREYA AMARILIS', 'VIZCARRA FERREYRA MIREYA AMARILIS', 'MALAGA GRENET 109                      _', '-', '-', '-', 'N', 'MALAGA GRENET 109                      _', '1', '-', '-', '-', 'A'),
('0101651', '1', '1', 'NUÑEZ  GLEMY', 'NUÑEZ  GLEMY', 'AQP                                    _', '-', '-', '-', 'N', 'AQP                                    _', '1', '-', '-', '-', 'A'),
('0101652', '1', '1', 'LLASA PONCE RONY MAURICIO', 'LLASA PONCE RONY MAURICIO', 'URB.J.S.ATAHUALPA V-2 C.COLORADO       _', '-', '-', '-', 'N', 'URB.J.S.ATAHUALPA V-2 C.COLORADO       _', '1', '-', '-', '-', 'A'),
('0101653', '1', '1', 'RONDON SOTO GUILLERMO EDWARS', 'RONDON SOTO GUILLERMO EDWARS', 'CALLE LOS JASMINES 113 DTO 202         _', '-', '-', '-', 'N', 'CALLE LOS JASMINES 113 DTO 202         _', '1', '-', '-', '-', 'A'),
('0101654', '1', '1', 'FLORES RAMOS FERNANDO', 'FLORES RAMOS FERNANDO', 'CALLE AYAR MZ-H LOTE 6 COMITE 2 PAMPAS D', '-', '-', '-', 'N', 'CALLE AYAR MZ-H LOTE 6 COMITE 2 PAMPAS D', '1', '-', '-', '-', 'A'),
('0101655', '1', '1', 'NUÑEZ CISNEROS CARLOS DAVID FRANCISCO', 'NUÑEZ CISNEROS CARLOS DAVID FRANCISCO', 'URB. LAS TERRAZA A-4  PAUCARPATA       _', '-', '-', '-', 'N', 'URB. LAS TERRAZA A-4  PAUCARPATA       _', '1', '-', '-', '-', 'A'),
('0101656', '1', '1', 'EYZAGUIRRE DIAZ CARLOS EDUARDO', 'EYZAGUIRRE DIAZ CARLOS EDUARDO', 'URB. LA MARINA C-8                     _', '-', '-', '-', 'N', 'URB. LA MARINA C-8                     _', '1', '-', '-', '-', 'A'),
('0101657', '1', '1', 'POSTIGO NEYRA ESTEBAN', 'POSTIGO NEYRA ESTEBAN', 'URB. LA PRADERA A-36 C-2               _', '-', '-', '-', 'N', 'URB. LA PRADERA A-36 C-2               _', '1', '-', '-', '-', 'A'),
('0101658', '1', '1', 'SANCHEZ VARGAS RONALD HERNAN', 'SANCHEZ VARGAS RONALD HERNAN', 'CALLE CAHUIDE 523                      _', '-', '-', '-', 'N', 'CALLE CAHUIDE 523                      _', '1', '-', '-', '-', 'A'),
('0101659', '1', '1', 'GARCIA GUTIERREZ ALAN RUFINO', 'GARCIA GUTIERREZ ALAN RUFINO', 'URB. ALBORADA C-14 AREQUIPA            _', '-', '-', '-', 'N', 'URB. ALBORADA C-14 AREQUIPA            _', '1', '-', '-', '-', 'A'),
('0101660', '1', '1', 'URRUTIA QUISPE NOLAN YTALO', 'URRUTIA QUISPE NOLAN YTALO', 'AV. OBRERA 603                         _', '-', '-', '-', 'N', 'AV. OBRERA 603                         _', '1', '-', '-', '-', 'A'),
('0101661', '1', '1', 'VIGIL GAMERO CARLOS ENRIQUE', 'VIGIL GAMERO CARLOS ENRIQUE', 'CALLE TANA 1005                        _', '-', '-', '-', 'N', 'CALLE TANA 1005                        _', '1', '-', '-', '-', 'A'),
('0101662', '1', '1', 'ALVAREZ VILLENA LUIS', 'ALVAREZ VILLENA LUIS', 'JORGE BASADRE B-4                      _', '-', '-', '-', 'N', 'JORGE BASADRE B-4                      _', '1', '-', '-', '-', 'A'),
('0101663', '1', '1', 'QUISPE ORTIZ VICENTE  HERACLIO', 'QUISPE ORTIZ VICENTE  HERACLIO', 'CALLE LOS GUINDOS 102 URB. INDEPENDENCIA', '-', '-', '-', 'N', 'CALLE LOS GUINDOS 102 URB. INDEPENDENCIA', '1', '-', '-', '-', 'A'),
('0101664', '1', '1', 'ZAMBRANO GOMEZ ALEXANDER', 'ZAMBRANO GOMEZ ALEXANDER', 'RESIDENCIAL MONTEBELLO H-12            _', '-', '-', '-', 'N', 'RESIDENCIAL MONTEBELLO H-12            _', '1', '-', '-', '-', 'A'),
('0101665', '1', '1', 'MEDINA MUÑOZ JUAN FRANCISCO', 'MEDINA MUÑOZ JUAN FRANCISCO', 'URB. LARA C-10 SOCABAYA                _', '-', '-', '-', 'N', 'URB. LARA C-10 SOCABAYA                _', '1', '-', '-', '-', 'A'),
('0101666', '1', '1', 'OCHOA VASQUEZ FREDY ROBINSON', 'OCHOA VASQUEZ FREDY ROBINSON', 'AV. REVOLUCION R13 CIUDAD BLANCA PAUCARP', '-', '-', '-', 'N', 'AV. REVOLUCION R13 CIUDAD BLANCA PAUCARP', '1', '-', '-', '-', 'A'),
('0101667', '1', '1', 'MECKLEMBURG CHAMOCHUMBI FRANK', 'MECKLEMBURG CHAMOCHUMBI FRANK', 'CL. 7 290 DPTO 401 M.NORTE SAN BORJA   _', '-', '-', '-', 'N', 'CL. 7 290 DPTO 401 M.NORTE SAN BORJA   _', '1', '-', '-', '-', 'A'),
('0101668', '1', '1', 'FERNANDEZ TINTAYA MIGUEL ANGEL', 'FERNANDEZ TINTAYA MIGUEL ANGEL', 'DEAN VALDIVIA I5 LTE 4 CAYMA           _', '-', '-', '-', 'N', 'DEAN VALDIVIA I5 LTE 4 CAYMA           _', '1', '-', '-', '-', 'A'),
('0101669', '1', '1', 'MASEDO GUTIERREZ EDSON', 'MASEDO GUTIERREZ EDSON', 'URB. DOLORES E-25                      _', '-', '-', '-', 'N', 'URB. DOLORES E-25                      _', '1', '-', '-', '-', 'A'),
('0101670', '1', '1', 'CORONEL CALLE LUIS RAMON', 'CORONEL CALLE LUIS RAMON', 'URB. BUENA VISTA A-43                  _', '-', '-', '-', 'N', 'URB. BUENA VISTA A-43                  _', '1', '-', '-', '-', 'A'),
('0101671', '1', '1', 'PARIONA CERVANTES JUAN CARLOS', 'PARIONA CERVANTES JUAN CARLOS', 'MINA CONDESTABLE                       _', '-', '-', '-', 'N', 'MINA CONDESTABLE                       _', '1', '-', '-', '-', 'A'),
('0101672', '1', '1', 'SALAS ANGULO DIEGO ALONSO', 'SALAS ANGULO DIEGO ALONSO', 'URB. BANCARIOS A-15                    _', '-', '-', '-', 'N', 'URB. BANCARIOS A-15                    _', '1', '-', '-', '-', 'A'),
('0101673', '1', '1', 'RODRIGUEZ CASTRO ANDREA OMAIRA', 'RODRIGUEZ CASTRO ANDREA OMAIRA', 'CALLE IRLANDA 202 LOS ROSALES          _', '-', '-', '-', 'N', 'CALLE IRLANDA 202 LOS ROSALES          _', '1', '-', '-', '-', 'A'),
('0101674', '1', '1', 'DEL CARPIO VADALLARES CRISTIAN', 'DEL CARPIO VADALLARES CRISTIAN', 'CALL LOS ARCES 230                     _', '-', '-', '-', 'N', 'CALL LOS ARCES 230                     _', '1', '-', '-', '-', 'A'),
('0101675', '1', '1', 'GARCIA CARLOS FELIX', 'GARCIA CARLOS FELIX', 'CALLE EGIPTO 300B                      _', '-', '-', '-', 'N', 'CALLE EGIPTO 300B                      _', '1', '-', '-', '-', 'A'),
('0101676', '1', '1', 'ZEGARRA ARENAS ZAMANTHA', 'ZEGARRA ARENAS ZAMANTHA', 'CALLE GARCILAZO DE LA VEGA 110-A 2DO PIS', '-', '-', '-', 'N', 'CALLE GARCILAZO DE LA VEGA 110-A 2DO PIS', '1', '-', '-', '-', 'A'),
('0101677', '1', '1', 'BENAVENTE BENAVIDES GARY', 'BENAVENTE BENAVIDES GARY', 'CALLE ALFONZO UGARTE 100               _', '-', '-', '-', 'N', 'CALLE ALFONZO UGARTE 100               _', '1', '-', '-', '-', 'A'),
('0101678', '1', '1', 'TALAVERA GUTIERREZ BRUSHESKA', 'TALAVERA GUTIERREZ BRUSHESKA', 'URB. EL PALACIO A-13 B SEGUNDA ETAPA   _', '-', '-', '-', 'N', 'URB. EL PALACIO A-13 B SEGUNDA ETAPA   _', '1', '-', '-', '-', 'A'),
('0101679', '1', '1', 'IGLESIAS QUILCA OSCAR', 'IGLESIAS QUILCA OSCAR', 'VILLA MEDICA TORRE 4 DPTO 604          _', '-', '-', '-', 'N', 'VILLA MEDICA TORRE 4 DPTO 604          _', '1', '-', '-', '-', 'A'),
('0101680', '1', '1', 'RAMOS TICONA FREDY DARIO', 'RAMOS TICONA FREDY DARIO', 'JR. LOS CLAVELES 310 PUNO              _', '-', '-', '-', 'N', 'JR. LOS CLAVELES 310 PUNO              _', '1', '-', '-', '-', 'A'),
('0101681', '1', '1', 'RAMOS ANDIA JULIO ENRIQUE', 'RAMOS ANDIA JULIO ENRIQUE', 'URB. PRIMAVERA CALLE LAS VIOLETAS 105  _', '-', '-', '-', 'N', 'URB. PRIMAVERA CALLE LAS VIOLETAS 105  _', '1', '-', '-', '-', 'A'),
('0101682', '1', '1', 'CHAVES TOLEDO MIGUEL', 'CHAVES TOLEDO MIGUEL', 'CALLE PUENTE ARNAO 705                 _', '-', '-', '-', 'N', 'CALLE PUENTE ARNAO 705                 _', '1', '-', '-', '-', 'A'),
('0101683', '1', '1', 'ESCALANTE BRACO ISRAEL JESUS', 'ESCALANTE BRACO ISRAEL JESUS', 'AV. OBRERA 1119                        _', '-', '-', '-', 'N', 'AV. OBRERA 1119                        _', '1', '-', '-', '-', 'A'),
('0101684', '1', '1', 'CUYO PANOCCA TORIBIO', 'CUYO PANOCCA TORIBIO', 'CALLE CAJAMARCA 300 PORVENIR MIRAFLORES_', '-', '-', '-', 'N', 'CALLE CAJAMARCA 300 PORVENIR MIRAFLORES_', '1', '-', '-', '-', 'A'),
('0101685', '1', '1', 'AMADO PAEZ JUAN FILIBERTO', 'AMADO PAEZ JUAN FILIBERTO', 'C.L. PRADO 106 COCACHACRA ISLAY        _', '-', '-', '-', 'N', 'C.L. PRADO 106 COCACHACRA ISLAY        _', '1', '-', '-', '-', 'A'),
('0101686', '1', '1', 'PAUCCARA HUAMANI ALBERT', 'PAUCCARA HUAMANI ALBERT', 'COMPLEJO HABITACIONAL NICOLAS DE PIEROLA', '-', '-', '-', 'N', 'COMPLEJO HABITACIONAL NICOLAS DE PIEROLA', '1', '-', '-', '-', 'A'),
('0101687', '1', '1', 'ACERO CONDORI ROBERTO CARLOS', 'ACERO CONDORI ROBERTO CARLOS', 'UIRB.MONTE BELLO MZ. B LT.15           _', '-', '-', '-', 'N', 'UIRB.MONTE BELLO MZ. B LT.15           _', '1', '-', '-', '-', 'A'),
('0101688', '1', '1', 'CERVANTES ROSAS JAVIER JESUS', 'CERVANTES ROSAS JAVIER JESUS', 'URB. SANTA ROSA DE LIMA N-5            _', '-', '-', '-', 'N', 'URB. SANTA ROSA DE LIMA N-5            _', '1', '-', '-', '-', 'A'),
('0101689', '1', '1', 'QUISPE QUIROZ KARÉN', 'QUISPE QUIROZ KARÉN', 'CALLE COLON 200 LA TOMILLA             _', '-', '-', '-', 'N', 'CALLE COLON 200 LA TOMILLA             _', '1', '-', '-', '-', 'A'),
('0101690', '1', '1', 'LUQUE ROJAS TITO GERARDO', 'LUQUE ROJAS TITO GERARDO', 'RESIDENSIAL MONTEROSA  MZ A LOTE 2     _', '-', '-', '-', 'N', 'RESIDENSIAL MONTEROSA  MZ A LOTE 2     _', '1', '-', '-', '-', 'A'),
('0101691', '1', '1', 'REVILLA VELARDE JOSE', 'REVILLA VELARDE JOSE', 'AREQUIPA                               _', '-', '-', '-', 'N', 'AREQUIPA                               _', '1', '-', '-', '-', 'A'),
('0101692', '1', '1', 'VILLANUEVA BERDEJO VICTOS ANDRES', 'VILLANUEVA BERDEJO VICTOS ANDRES', 'VILLA  FLORIDA MZ.E. LT 06             _', '-', '-', '-', 'N', 'VILLA  FLORIDA MZ.E. LT 06             _', '1', '-', '-', '-', 'A'),
('0101693', '1', '1', 'PIO NICOLAS OGNIO LAZO', 'PIO NICOLAS OGNIO LAZO', 'URB.RESIDENCIAL CAMPO VERDE J-         _', '-', '-', '-', 'N', 'URB.RESIDENCIAL CAMPO VERDE J-         _', '1', '-', '-', '-', 'A'),
('0101694', '1', '1', 'REVILLA PINTO DAVID JOSUE', 'REVILLA PINTO DAVID JOSUE', 'URB. PIEDRA SANTA X-18                 _', '-', '-', '-', 'N', 'URB. PIEDRA SANTA X-18                 _', '1', '-', '-', '-', 'A'),
('0101695', '1', '1', 'ZUBIZARRETA GAMERO FREDY', 'ZUBIZARRETA GAMERO FREDY', 'CALLE HUANCAYO 104, URB APURIMAC, ASA  _', '-', '-', '-', 'N', 'CALLE HUANCAYO 104, URB APURIMAC, ASA  _', '1', '-', '-', '-', 'A'),
('0101696', '1', '1', 'RONDON DEL CARPIO WALTER ALFREDO', 'RONDON DEL CARPIO WALTER ALFREDO', 'RESIDENSIAL LA FONDA MZ-B LT. 9        _', '-', '-', '-', 'N', 'RESIDENSIAL LA FONDA MZ-B LT. 9        _', '1', '-', '-', '-', 'A'),
('0101697', '1', '1', 'SULLA ADRIAN JORGE MIGUEL', 'SULLA ADRIAN JORGE MIGUEL', 'CALLE ROCEDAL 114 URB. MIGUEL GRAU     _', '-', '-', '-', 'N', 'CALLE ROCEDAL 114 URB. MIGUEL GRAU     _', '1', '-', '-', '-', 'A'),
('0101698', '1', '1', 'CHAVEZ CORIMAITA DANIEL HENRY', 'CHAVEZ CORIMAITA DANIEL HENRY', 'AV. ROOSVELT 400 GRAFICOS              _', '-', '-', '-', 'N', 'AV. ROOSVELT 400 GRAFICOS              _', '1', '-', '-', '-', 'A'),
('0101699', '1', '1', 'RIVERA RODRIGUEZ DARWIN', 'RIVERA RODRIGUEZ DARWIN', 'MANCO CAPAC -CALLE VIZCARDO GUZMAN N-15_', '-', '-', '-', 'N', 'MANCO CAPAC -CALLE VIZCARDO GUZMAN N-15_', '1', '-', '-', '-', 'A'),
('0101700', '1', '1', 'CHONG SILVA DAYANA MARGARITA', 'CHONG SILVA DAYANA MARGARITA', 'CIUDAD NUEVA U-7 LOTE 5 SAN ANTONIO    _', '-', '-', '-', 'N', 'CIUDAD NUEVA U-7 LOTE 5 SAN ANTONIO    _', '1', '-', '-', '-', 'A'),
('0101701', '1', '1', 'VARGAS BLANCO RODRIGO ENRIQUE', 'VARGAS BLANCO RODRIGO ENRIQUE', 'LAS CUCARDAS D-5 GUARDIA CIVIL PAUCARPAT', '-', '-', '-', 'N', 'LAS CUCARDAS D-5 GUARDIA CIVIL PAUCARPAT', '1', '-', '-', '-', 'A'),
('0101702', '1', '1', 'QUEZADA DELGADO BRIAN EDGAR', 'QUEZADA DELGADO BRIAN EDGAR', 'URUBAMBA 301 LAS TORRES DE CAYMA DPTO 50', '-', '-', '-', 'N', 'URUBAMBA 301 LAS TORRES DE CAYMA DPTO 50', '1', '-', '-', '-', 'A'),
('0101703', '1', '1', 'MOLINA NUÑEZ CESAR AUGUSTO', 'MOLINA NUÑEZ CESAR AUGUSTO', 'CALLE ARROSPIDE 304                    _', '-', '-', '-', 'N', 'CALLE ARROSPIDE 304                    _', '1', '-', '-', '-', 'A'),
('0101704', '1', '1', 'GOMEZ ROMERO EDWIN', 'GOMEZ ROMERO EDWIN', 'ALFONSO UGARTE 222 LA LIBERTAD C COLORAD', '-', '-', '-', 'N', 'ALFONSO UGARTE 222 LA LIBERTAD C COLORAD', '1', '-', '-', '-', 'A'),
('0101705', '1', '1', 'CUBA MACEDO MARIA ISABEL', 'CUBA MACEDO MARIA ISABEL', 'KM. 13 COMITE 14, MZ. A LOTE 1, CIUDAD D', '-', '-', '-', 'N', 'KM. 13 COMITE 14, MZ. A LOTE 1, CIUDAD D', '1', '-', '-', '-', 'A'),
('0101706', '1', '1', 'ARDILES BOLOAÑOS GABRIELA ROSARIO', 'ARDILES BOLOAÑOS GABRIELA ROSARIO', 'CALLE OTERO MZ. A LT. 17 URB. MUNICIPAL_', '-', '-', '-', 'N', 'CALLE OTERO MZ. A LT. 17 URB. MUNICIPAL_', '1', '-', '-', '-', 'A'),
('0101707', '1', '1', 'CONDORI HANCCO LINO', 'CONDORI HANCCO LINO', 'AV.FRANCISCO BOLOGNESI MZ-C LOT- 16 13 D', '-', '-', '-', 'N', 'AV.FRANCISCO BOLOGNESI MZ-C LOT- 16 13 D', '1', '-', '-', '-', 'A'),
('0101708', '1', '1', 'SEGURA LAZO CARLOS ALBERTO', 'SEGURA LAZO CARLOS ALBERTO', 'URB. LARA MZ-F LOTE 15                 _', '-', '-', '-', 'N', 'URB. LARA MZ-F LOTE 15                 _', '1', '-', '-', '-', 'A'),
('0101709', '1', '1', 'CONDORI NIFLA RONALD PAUL', 'CONDORI NIFLA RONALD PAUL', 'ASOC.CIUDAD MUNICIPAL ZNA 6 MZ J LOTE  _', '-', '-', '-', 'N', 'ASOC.CIUDAD MUNICIPAL ZNA 6 MZ J LOTE  _', '1', '-', '-', '-', 'A'),
('0101710', '1', '1', 'CCAHUACHIA RAMOS JULIO CESAR', 'CCAHUACHIA RAMOS JULIO CESAR', 'URB. JOSE CARLOS MARIATEGUI H-2 ZONA   _', '-', '-', '-', 'N', 'URB. JOSE CARLOS MARIATEGUI H-2 ZONA   _', '1', '-', '-', '-', 'A'),
('0101711', '1', '1', 'AYALA TEJADA KHATERINE WENDY', 'AYALA TEJADA KHATERINE WENDY', 'ALFREDO BAMBAREM MZ- E-7 LOTE 12 SAN JUA', '-', '-', '-', 'N', 'ALFREDO BAMBAREM MZ- E-7 LOTE 12 SAN JUA', '1', '-', '-', '-', 'A'),
('0101712', '1', '1', 'DELGADO MENESES DANIELA', 'DELGADO MENESES DANIELA', 'VILLA EL BALCON MZ.A LT.1              _', '-', '-', '-', 'N', 'VILLA EL BALCON MZ.A LT.1              _', '1', '-', '-', '-', 'A'),
('0101713', '1', '1', 'APAZA RAMIREZ YUBER', 'APAZA RAMIREZ YUBER', '28 DE JULIO 222 HUNTER                 _', '-', '-', '-', 'N', '28 DE JULIO 222 HUNTER                 _', '1', '-', '-', '-', 'A'),
('0101714', '1', '1', 'LLANQUECHA CISNEROS WOLFGANG ALEXANDER', 'LLANQUECHA CISNEROS WOLFGANG ALEXANDER', 'AV. BRASIL 117                         _', '-', '-', '-', 'N', 'AV. BRASIL 117                         _', '1', '-', '-', '-', 'A'),
('0101715', '1', '1', 'CORREA ROJAS DIANA', 'CORREA ROJAS DIANA', 'URB. ABRAHAM MANRIQUE A-12 CERCADO     _', '-', '-', '-', 'N', 'URB. ABRAHAM MANRIQUE A-12 CERCADO     _', '1', '-', '-', '-', 'A'),
('0101716', '1', '1', 'HUARANKA MACHACA GONZALO JULIO', 'HUARANKA MACHACA GONZALO JULIO', 'CALLE SUDAMERICA 609 URB. JERUSALEN    _', '-', '-', '-', 'N', 'CALLE SUDAMERICA 609 URB. JERUSALEN    _', '1', '-', '-', '-', 'A'),
('0101717', '1', '1', 'RIQUELME VARGAS FRANCO POLY', 'RIQUELME VARGAS FRANCO POLY', 'RESIDENCIAL TORRES DE LA ALAMEDA BLOCK 8', '-', '-', '-', 'N', 'RESIDENCIAL TORRES DE LA ALAMEDA BLOCK 8', '1', '-', '-', '-', 'A'),
('0101718', '1', '1', 'APAZA LABRA, CHRISTIAN EDUARDO', 'APAZA LABRA, CHRISTIAN EDUARDO', 'URB.CIUDAD DE DIOS A-1 YURA            _', '-', '-', '-', 'N', 'URB.CIUDAD DE DIOS A-1 YURA            _', '1', '-', '-', '-', 'A'),
('0101719', '1', '1', 'ZUZUNAGA TEJEDA JOSE ROBERTO', 'ZUZUNAGA TEJEDA JOSE ROBERTO', 'URB. SEÑORIAL A-22                     _', '-', '-', '-', 'N', 'URB. SEÑORIAL A-22                     _', '1', '-', '-', '-', 'A'),
('0101720', '1', '1', 'ALCAZAR BELAUNDE IGNACIO DANIEL', 'ALCAZAR BELAUNDE IGNACIO DANIEL', 'URB. SANTA SOFIA A-2                   _', '-', '-', '-', 'N', 'URB. SANTA SOFIA A-2                   _', '1', '-', '-', '-', 'A'),
('0101721', '1', '1', 'CORNEJO GUILLEN GIANCARLO', 'CORNEJO GUILLEN GIANCARLO', 'URB. PIEDRA SANTA T-18 DPTO 302        _', '-', '-', '-', 'N', 'URB. PIEDRA SANTA T-18 DPTO 302        _', '1', '-', '-', '-', 'A'),
('0101722', '1', '1', 'OLAZABAL TAPIA DEYSI CIRINELA', 'OLAZABAL TAPIA DEYSI CIRINELA', 'URB. SANTA LUCIA A-1                   _', '-', '-', '-', 'N', 'URB. SANTA LUCIA A-1                   _', '1', '-', '-', '-', 'A'),
('0101723', '1', '1', 'MARQUEZ ZAMBRANO JOSE ARNALDO', 'MARQUEZ ZAMBRANO JOSE ARNALDO', 'PUERTO MALDONADO                       _', '-', '-', '-', 'N', 'PUERTO MALDONADO                       _', '1', '-', '-', '-', 'A'),
('0101724', '1', '1', 'FLORES RAMOS JOSE', 'FLORES RAMOS JOSE', 'CALLE COLOMBIA 306                     _', '-', '-', '-', 'N', 'CALLE COLOMBIA 306                     _', '1', '-', '-', '-', 'A'),
('0101725', '1', '1', 'VASQUEZ ZEGARRA FABRICIO', 'VASQUEZ ZEGARRA FABRICIO', 'URB LOS GIRASOLES B-1 CAYMA            _', '-', '-', '-', 'N', 'URB LOS GIRASOLES B-1 CAYMA            _', '1', '-', '-', '-', 'A'),
('0101726', '1', '1', 'GIRALDEZ SALAZAR BELSI URIKE', 'GIRALDEZ SALAZAR BELSI URIKE', 'RESD. JARDINES DE PORONGOCHE DPTO J-30 _', '-', '-', '-', 'N', 'RESD. JARDINES DE PORONGOCHE DPTO J-30 _', '1', '-', '-', '-', 'A'),
('0101727', '1', '1', 'GUTIERREZ MANRIQUE GUILLERMO TEODORO', 'GUTIERREZ MANRIQUE GUILLERMO TEODORO', 'AQP                                    _', '-', '-', '-', 'N', 'AQP                                    _', '1', '-', '-', '-', 'A'),
('0101728', '1', '1', 'MAMANI ANCCALLI REYNALDO', 'MAMANI ANCCALLI REYNALDO', 'CALLE VILLA HERMOSA 101 -CERRO COLORADO_', '-', '-', '-', 'N', 'CALLE VILLA HERMOSA 101 -CERRO COLORADO_', '1', '-', '-', '-', 'A'),
('0101729', '1', '1', 'TRUJILLO SEGOVIA ARMANDO JAYRO', 'TRUJILLO SEGOVIA ARMANDO JAYRO', 'CALLE TACNA 446                        _', '-', '-', '-', 'N', 'CALLE TACNA 446                        _', '1', '-', '-', '-', 'A'),
('0101730', '1', '1', 'VILCA IDME ANGEL', 'VILCA IDME ANGEL', 'CALLE PUMACAHUA 342 ALTO MISTI         _', '-', '-', '-', 'N', 'CALLE PUMACAHUA 342 ALTO MISTI         _', '1', '-', '-', '-', 'A'),
('0101731', '1', '1', 'USCAMAYTA MEDINA WILCHES  RUFINO', 'USCAMAYTA MEDINA WILCHES  RUFINO', 'CUSCO                                  _', '-', '-', '-', 'N', 'CUSCO                                  _', '1', '-', '-', '-', 'A'),
('0101732', '1', '1', 'VARGAS JUANICO MILUSKA MUSSY', 'VARGAS JUANICO MILUSKA MUSSY', 'URB.PIEDRA SANTA H-10 YANAHUARA        _', '-', '-', '-', 'N', 'URB.PIEDRA SANTA H-10 YANAHUARA        _', '1', '-', '-', '-', 'A'),
('0101733', '1', '1', 'MANCEL PILLUN GLAVE', 'MANCEL PILLUN GLAVE', 'URB. BELLO HORIZONTE K-10              _', '-', '-', '-', 'N', 'URB. BELLO HORIZONTE K-10              _', '1', '-', '-', '-', 'A'),
('0101734', '1', '1', 'ALVAREZ ENCISO SERGIO VICTOR', 'ALVAREZ ENCISO SERGIO VICTOR', 'C. FOVIPOL CL. ZAMACOLA 209 DPTO 202 BLO', '-', '-', '-', 'N', 'C. FOVIPOL CL. ZAMACOLA 209 DPTO 202 BLO', '1', '-', '-', '-', 'A'),
('0101735', '1', '1', 'HAQUEHUA CORNEJO HEINER', 'HAQUEHUA CORNEJO HEINER', 'URB. JUAN EL BUENO D-15                _', '-', '-', '-', 'N', 'URB. JUAN EL BUENO D-15                _', '1', '-', '-', '-', 'A'),
('0101736', '1', '1', 'CASTRO CAMERO MIGUEL CARMELO', 'CASTRO CAMERO MIGUEL CARMELO', 'ASOC. BELAUNDE ZONA C NUMERO H         _', '-', '-', '-', 'N', 'ASOC. BELAUNDE ZONA C NUMERO H         _', '1', '-', '-', '-', 'A'),
('0101737', '1', '1', 'VERA LAJO ADOLFO', 'VERA LAJO ADOLFO', 'CORBACHO 235                           _', '-', '-', '-', 'N', 'CORBACHO 235                           _', '1', '-', '-', '-', 'A'),
('0101738', '1', '1', 'ACOSTA ACOSTA CARLO CESAR', 'ACOSTA ACOSTA CARLO CESAR', 'FLORA TRISTAN A-201 UMACOLLO YANAHUARA _', '-', '-', '-', 'N', 'FLORA TRISTAN A-201 UMACOLLO YANAHUARA _', '1', '-', '-', '-', 'A'),
('0101739', '1', '1', 'MONSERRATE SALAZAR ANTHONY', 'MONSERRATE SALAZAR ANTHONY', 'CALLE ARROSPIDI 409 CAYMA              _', '-', '-', '-', 'N', 'CALLE ARROSPIDI 409 CAYMA              _', '1', '-', '-', '-', 'A'),
('0101740', '1', '1', 'PAREDES FERNANDEZ DANIEL FERNANDO', 'PAREDES FERNANDEZ DANIEL FERNANDO', 'SEÑOR DE LA CAÑA CALLE GRANDE 227      _', '-', '-', '-', 'N', 'SEÑOR DE LA CAÑA CALLE GRANDE 227      _', '1', '-', '-', '-', 'A'),
('0101741', '1', '1', 'BRONCANO MONTES JHOSELYM PAOLA', 'BRONCANO MONTES JHOSELYM PAOLA', 'URB. PIEDRA SANTA I MZ. M LT. 28 DPTO. 5', '-', '-', '-', 'N', 'URB. PIEDRA SANTA I MZ. M LT. 28 DPTO. 5', '1', '-', '-', '-', 'A'),
('0101742', '1', '1', 'COLQUE OVIEDO WALTER', 'COLQUE OVIEDO WALTER', 'CALLE MARAÑON 117 ZAMACOLA             _', '-', '-', '-', 'N', 'CALLE MARAÑON 117 ZAMACOLA             _', '1', '-', '-', '-', 'A'),
('0101743', '1', '1', 'NYSTROM HARMSEN IAN CHRISTOPHER', 'NYSTROM HARMSEN IAN CHRISTOPHER', 'URB.EL ROSARIO MZ.E-16                 _', '-', '-', '-', 'N', 'URB.EL ROSARIO MZ.E-16                 _', '1', '-', '-', '-', 'A'),
('0101744', '1', '1', 'RODRIGUEZ MEZA CLAUDIA STEPHANIE', 'RODRIGUEZ MEZA CLAUDIA STEPHANIE', 'CALLE ARROSPIDE 403                    _', '-', '-', '-', 'N', 'CALLE ARROSPIDE 403                    _', '1', '-', '-', '-', 'A'),
('0101745', '1', '1', 'RICHARDS TORRICO CHRISTOPHER', 'RICHARDS TORRICO CHRISTOPHER', 'CALLE MARAÑON MZ. S-22                 _', '-', '-', '-', 'N', 'CALLE MARAÑON MZ. S-22                 _', '1', '-', '-', '-', 'A'),
('0101746', '1', '1', 'CONCHA MEDINA GEORGE ENMANUEL', 'CONCHA MEDINA GEORGE ENMANUEL', 'AV. SANTA ROSA 505-B URB. MARISCAL CASTI', '-', '-', '-', 'N', 'AV. SANTA ROSA 505-B URB. MARISCAL CASTI', '1', '-', '-', '-', 'A'),
('0101747', '1', '1', 'CONDORI SUYO CARLOS ALBERTO', 'CONDORI SUYO CARLOS ALBERTO', 'CIUDAD DE DIOS MZ Q LT. 10             _', '-', '-', '-', 'N', 'CIUDAD DE DIOS MZ Q LT. 10             _', '1', '-', '-', '-', 'A'),
('0101748', '1', '1', 'MORVELI SALAS PAULO YGNACIO', 'MORVELI SALAS PAULO YGNACIO', 'URB. SAN PEDRO MZ-C LT-23 YANAHUARA    _', '-', '-', '-', 'N', 'URB. SAN PEDRO MZ-C LT-23 YANAHUARA    _', '1', '-', '-', '-', 'A'),
('0101749', '1', '1', 'EZPINOZA LUDEÑA JAVIER EDISON', 'EZPINOZA LUDEÑA JAVIER EDISON', 'AV. LIMA 516                           _', '-', '-', '-', 'N', 'AV. LIMA 516                           _', '1', '-', '-', '-', 'A'),
('0101750', '1', '1', 'YAMPARA RAMOS RODNEY MARTIN', 'YAMPARA RAMOS RODNEY MARTIN', 'URB. RAMIRO PRIALE ZONA C LT 22 MZ B1  _', '-', '-', '-', 'N', 'URB. RAMIRO PRIALE ZONA C LT 22 MZ B1  _', '1', '-', '-', '-', 'A'),
('0101751', '1', '1', 'MAMANI RODRIGUEZ RONALD', 'MAMANI RODRIGUEZ RONALD', 'ASOC APIMA D-L-7 YURA                  _', '-', '-', '-', 'N', 'ASOC APIMA D-L-7 YURA                  _', '1', '-', '-', '-', 'A'),
('0101752', '1', '1', 'HUAMANI CUBA CHARLES NICOLAY', 'HUAMANI CUBA CHARLES NICOLAY', 'SECTOR 9  LOT 15  MZ- 5                _', '-', '-', '-', 'N', 'SECTOR 9  LOT 15  MZ- 5                _', '1', '-', '-', '-', 'A'),
('0101753', '1', '1', 'FLORES LAOR MAURICIO', 'FLORES LAOR MAURICIO', 'LA ALBORADA H-Z J.L.B.R                _', '-', '-', '-', 'N', 'LA ALBORADA H-Z J.L.B.R                _', '1', '-', '-', '-', 'A'),
('0101754', '1', '1', 'CANNY VELASQUEZ ALEJANDRO', 'CANNY VELASQUEZ ALEJANDRO', 'URB PIEDRA SANTA MZ-K LOTE B           _', '-', '-', '-', 'N', 'URB PIEDRA SANTA MZ-K LOTE B           _', '1', '-', '-', '-', 'A'),
('0101755', '1', '1', 'LEYVA PAREDES JUAN ANDRES', 'LEYVA PAREDES JUAN ANDRES', 'URB LA ALBORADA B-9                    _', '-', '-', '-', 'N', 'URB LA ALBORADA B-9                    _', '1', '-', '-', '-', 'A'),
('0101756', '1', '1', 'ANGULO MANRIQUE DANIEL', 'ANGULO MANRIQUE DANIEL', 'CALLE LA SALLE  108 AREQUIPA           _', '-', '-', '-', 'N', 'CALLE LA SALLE  108 AREQUIPA           _', '1', '-', '-', '-', 'A'),
('0101757', '1', '1', 'RIVERA DELGADO MAURICIO ALONSO', 'RIVERA DELGADO MAURICIO ALONSO', 'URB.TRONCO DE ORO NRO.6 CAYMA          _', '-', '-', '-', 'N', 'URB.TRONCO DE ORO NRO.6 CAYMA          _', '1', '-', '-', '-', 'A'),
('0101758', '1', '1', 'TELLO PRADO MICHAEL ANTONIO', 'TELLO PRADO MICHAEL ANTONIO', 'AA.HH S. JUAN BAUTISTA C-5  MARCONA NASC', '-', '-', '-', 'N', 'AA.HH S. JUAN BAUTISTA C-5  MARCONA NASC', '1', '-', '-', '-', 'A'),
('0101759', '1', '1', 'LINARES ZUÑIGA RAMIRO ANDRES', 'LINARES ZUÑIGA RAMIRO ANDRES', 'CALLE JUANA ESPINOZA 303 UMACOLLO CERCAD', '-', '-', '-', 'N', 'CALLE JUANA ESPINOZA 303 UMACOLLO CERCAD', '1', '-', '-', '-', 'A'),
('0101760', '1', '1', 'RIVERA ABRIL RODRIGO', 'RIVERA ABRIL RODRIGO', 'URB. FERROVIARIO G-25                  _', '-', '-', '-', 'N', 'URB. FERROVIARIO G-25                  _', '1', '-', '-', '-', 'A'),
('0101761', '1', '1', 'FALCONI HERRERA ANGELINA NORMA', 'FALCONI HERRERA ANGELINA NORMA', 'CALLE MANUEL UGARTECHE 517  ALTO SELVA A', '-', '-', '-', 'N', 'CALLE MANUEL UGARTECHE 517  ALTO SELVA A', '1', '-', '-', '-', 'A'),
('0101762', '1', '1', 'BUSTAMANTE SANCHEZ ALVARO JOSE', 'BUSTAMANTE SANCHEZ ALVARO JOSE', 'EL ROSARIO II E-6 C.COLORADO           _', '-', '-', '-', 'N', 'EL ROSARIO II E-6 C.COLORADO           _', '1', '-', '-', '-', 'A'),
('0101763', '1', '1', 'ROJAS MACEDO OLGER GABRIEL', 'ROJAS MACEDO OLGER GABRIEL', 'CALLE ROSASPATA 525                    _', '-', '-', '-', 'N', 'CALLE ROSASPATA 525                    _', '1', '-', '-', '-', 'A'),
('0101764', '1', '1', 'DANCE GAMEZ JOAQUIN', 'DANCE GAMEZ JOAQUIN', 'URB,LOS PORTALES DE CAYMA C7 -8 DPTO 201', '-', '-', '-', 'N', 'URB,LOS PORTALES DE CAYMA C7 -8 DPTO 201', '1', '-', '-', '-', 'A'),
('0101765', '1', '1', 'ZAVERY  SAMEER', 'ZAVERY  SAMEER', 'CALLE CIRUELOS 106 PUEBLO TRADICIONAL  _', '-', '-', '-', 'N', 'CALLE CIRUELOS 106 PUEBLO TRADICIONAL  _', '1', '-', '-', '-', 'A'),
('0101766', '1', '1', 'SVARCIC MELENDEZ FRANKO ANTE', 'SVARCIC MELENDEZ FRANKO ANTE', 'LIMA                                   _', '-', '-', '-', 'N', 'LIMA                                   _', '1', '-', '-', '-', 'A'),
('0101767', '1', '1', 'POLAR ZARATE DIEGO FERNANDO', 'POLAR ZARATE DIEGO FERNANDO', 'RESIDENCIAL SANTA ELISA A-10           _', '-', '-', '-', 'N', 'RESIDENCIAL SANTA ELISA A-10           _', '1', '-', '-', '-', 'A'),
('0101768', '1', '1', 'UGARTE DE CARPIO RENZO', 'UGARTE DE CARPIO RENZO', 'LOS PORTALES DE CAYMA G-3              _', '-', '-', '-', 'N', 'LOS PORTALES DE CAYMA G-3              _', '1', '-', '-', '-', 'A'),
('0101769', '1', '1', 'LLERENA SALAZAR CARLOS', 'LLERENA SALAZAR CARLOS', 'CALLE PUENTE ARNAU 2305                _', '-', '-', '-', 'N', 'CALLE PUENTE ARNAU 2305                _', '1', '-', '-', '-', 'A'),
('0101770', '1', '1', 'TAPIA HERRERA MOISES IVAN', 'TAPIA HERRERA MOISES IVAN', 'RAMIRO PREALE G-20                     _', '-', '-', '-', 'N', 'RAMIRO PREALE G-20                     _', '1', '-', '-', '-', 'A'),
('0101771', '1', '1', 'BUSTAMANTE KOTHE LORENZO JUAN', 'BUSTAMANTE KOTHE LORENZO JUAN', 'QUINTA LA CAMPIÑA E-5 CAYMA            _', '-', '-', '-', 'N', 'QUINTA LA CAMPIÑA E-5 CAYMA            _', '1', '-', '-', '-', 'A'),
('0101772', '1', '1', 'ARIAS OBREGON RENATO', 'ARIAS OBREGON RENATO', 'URB.                                   _', '-', '-', '-', 'N', 'URB.                                   _', '1', '-', '-', '-', 'A'),
('0101773', '1', '1', 'ALARCON GARCIA RODRIGO', 'ALARCON GARCIA RODRIGO', 'URB. CAMPO VERDE C-19                  _', '-', '-', '-', 'N', 'URB. CAMPO VERDE C-19                  _', '1', '-', '-', '-', 'A'),
('0101774', '1', '1', 'CARTY DE ROMAÑA CHRISTIAN', 'CARTY DE ROMAÑA CHRISTIAN', 'MCAL. BENAVIDES 276 SELVA ALEGRE       _', '-', '-', '-', 'N', 'MCAL. BENAVIDES 276 SELVA ALEGRE       _', '1', '-', '-', '-', 'A'),
('0101775', '1', '1', 'DIAZ ALVAREZ ALEXANDER', 'DIAZ ALVAREZ ALEXANDER', 'CALL.GENERAL MORAN 500 C.VIEJO C.COLORAD', '-', '-', '-', 'N', 'CALL.GENERAL MORAN 500 C.VIEJO C.COLORAD', '1', '-', '-', '-', 'A'),
('0101776', '1', '1', 'SOTELO LAJO GIANCARLO SIDNEY', 'SOTELO LAJO GIANCARLO SIDNEY', 'URB. ALAMEDA DE SALAVERRY MZ.G  LT. 18 _', '-', '-', '-', 'N', 'URB. ALAMEDA DE SALAVERRY MZ.G  LT. 18 _', '1', '-', '-', '-', 'A'),
('0101777', '1', '1', 'VERA CUEVA FRANK LUIS', 'VERA CUEVA FRANK LUIS', 'PANAM 107 HUNTER                       _', '-', '-', '-', 'N', 'PANAM 107 HUNTER                       _', '1', '-', '-', '-', 'A'),
('0101778', '1', '1', 'REVILLA REVILLA RENZO', 'REVILLA REVILLA RENZO', 'CALLE LOS JASMINEZ 129 UMACOLLO        _', '-', '-', '-', 'N', 'CALLE LOS JASMINEZ 129 UMACOLLO        _', '1', '-', '-', '-', 'A'),
('0101779', '1', '1', 'MESTAS YANA ROCIO LIZBETH', 'MESTAS YANA ROCIO LIZBETH', 'JR. INDEPENDENCIA E-4                  _', '-', '-', '-', 'N', 'JR. INDEPENDENCIA E-4                  _', '1', '-', '-', '-', 'A'),
('0101780', '1', '1', 'GARAY MANSILLA DUSHAM SALVATORRE', 'GARAY MANSILLA DUSHAM SALVATORRE', 'AV. BOLOGNESI 343                      _', '-', '-', '-', 'N', 'AV. BOLOGNESI 343                      _', '1', '-', '-', '-', 'A'),
('0101781', '1', '1', 'VASQUEZ MARES JOSE MIGUEL', 'VASQUEZ MARES JOSE MIGUEL', 'CAMPIÑA DORADA A-9                     _', '-', '-', '-', 'N', 'CAMPIÑA DORADA A-9                     _', '1', '-', '-', '-', 'A'),
('0101782', '1', '1', 'ZAPATA LOVATON DAVID', 'ZAPATA LOVATON DAVID', 'URB. SANTA CATALINA AREQUIPA           _', '-', '-', '-', 'N', 'URB. SANTA CATALINA AREQUIPA           _', '1', '-', '-', '-', 'A'),
('0101783', '1', '1', 'SUAREZ TITO GIOVANNA', 'SUAREZ TITO GIOVANNA', 'URB.LOS GLADIOLOS C-14                 _', '-', '-', '-', 'N', 'URB.LOS GLADIOLOS C-14                 _', '1', '-', '-', '-', 'A'),
('0203001', '2', '3', 'LAS ESPADAS E.I.R.L.', 'LAS ESPADAS E.I.R.L.', 'Mza B Lote 6-1 Urb. Los Rosales        _', '-', '-', '-', 'N', 'Mza B Lote 6-1 Urb. Los Rosales        _', '1', '-', '-', '-', 'A'),
('0203002', '2', '6', 'MY DISTRISUR S.A.C', 'MY DISTRISUR S.A.C', 'Mza C Lote 21 Urb Residencial El Golf  _', '-', '-', '-', 'N', 'Mza C Lote 21 Urb Residencial El Golf  _', '1', '-', '-', '-', 'A'),
('0203003', '2', '3', 'GRUPO LAS ESPADAS E.I.R.L.', 'GRUPO LAS ESPADAS E.I.R.L.', 'Mza C Lote 19 Urb. Arequipa - Yanahuara_', '-', '-', '-', 'N', 'Mza C Lote 19 Urb. Arequipa - Yanahuara_', '1', '-', '-', '-', 'A'),
('0203004', '2', '6', 'DISTRIBUCIONES MAIRSA E.I.R.L.', 'DISTRIBUCIONES MAIRSA E.I.R.L.', 'Mza J Lote 24 Urb. Villa Hermoza       _', '-', '-', '-', 'N', 'Mza J Lote 24 Urb. Villa Hermoza       _', '1', '-', '-', '-', 'A'),
('0203005', '2', '3', 'MAS VENTAS E.I.R.L.', 'MAS VENTAS E.I.R.L.', 'Cal. Pierola Nro 428 Arequipa          _', '-', '-', '-', 'N', 'Cal. Pierola Nro 428 Arequipa          _', '1', '-', '-', '-', 'A'),
('0203006', '2', '3', 'LA MEJOR S.A.C', 'LA MEJOR S.A.C', 'Cal. Pierola Nro. 532 Arequipa         _', '-', '-', '-', 'N', 'Cal. Pierola Nro. 532 Arequipa         _', '1', '-', '-', '-', 'A'),
('0203007', '2', '3', 'OROSCOCHA S.A.C.', 'OROSCOCHA S.A.C.', 'Cal. Ferrenhafe Nro. 294 Lima - Sant.  _', '-', '-', '-', 'N', 'Cal. Ferrenhafe Nro. 294 Lima - Sant.  _', '1', '-', '-', '-', 'A'),
('0203008', '2', '6', 'PALMYRA DISTRIBUCIONES S.A.C.', 'PALMYRA DISTRIBUCIONES S.A.C.', 'Av. Pizarro Nro 230 Arequipa  Paucarpata', '-', '-', '-', 'N', 'Av. Pizarro Nro 230 Arequipa  Paucarpata', '1', '-', '-', '-', 'A'),
('0203009', '2', '6', 'IMPACTO AMAZONICO DISTRIBUCIONES S.A.C.', 'IMPACTO AMAZONICO DISTRIBUCIONES S.A.C.', 'Pj. Samuel Pastor Mz 7Z Lote 11 Urb. MdD', '-', '-', '-', 'N', 'Pj. Samuel Pastor Mz 7Z Lote 11 Urb. MdD', '1', '-', '-', '-', 'A');

COMMIT;

-- -----------------------------------------------------
-- Data for table `episerp`.`en_p1m_documento_cliente`
-- -----------------------------------------------------
START TRANSACTION;
USE `episerp`;
INSERT INTO `episerp`.`en_p1m_documento_cliente`
(`CliCod`,`TipDocCliCod`,`DocCliNum`,`EstRegCod`)
VALUES
('0101001', '1', '00415305', 'A'),	('0101001', '2', '', 'A'),
('0101002', '1', '00429119', 'A'),	('0101002', '2', '', 'A'),
('0101003', '1', '00453853', 'A'),	('0101003', '2', '', 'A'),
('0101004', '1', '00454900', 'A'),	('0101004', '2', '', 'A'),
('0101005', '1', '00456108', 'A'),	('0101005', '2', '', 'A'),
('0101006', '1', '00456655', 'A'),	('0101006', '2', '', 'A'),
('0101007', '1', '00456656', 'A'),	('0101007', '2', '', 'A'),
('0101008', '1', '00478128', 'A'),	('0101008', '2', '', 'A'),
('0101009', '1', '00490135', 'A'),	('0101009', '2', '', 'A'),
('0101010', '1', '00500430', 'A'),	('0101010', '2', '', 'A'),
('0101011', '1', '00514896', 'A'),	('0101011', '2', '', 'A'),
('0101012', '1', '00516079', 'A'),	('0101012', '2', '', 'A'),
('0101013', '1', '00516169', 'A'),	('0101013', '2', '', 'A'),
('0101014', '1', '00516564', 'A'),	('0101014', '2', '', 'A'),
('0101015', '1', '00793709', 'A'),	('0101015', '2', '', 'A'),
('0101016', '1', '00797367', 'A'),	('0101016', '2', '', 'A'),
('0101017', '1', '00882138', 'A'),	('0101017', '2', '', 'A'),
('0101018', '1', '01204589', 'A'),	('0101018', '2', '', 'A'),
('0101019', '1', '01213450', 'A'),	('0101019', '2', '', 'A'),
('0101020', '1', '01316437', 'A'),	('0101020', '2', '', 'A'),
('0101021', '1', '01526606', 'A'),	('0101021', '2', '', 'A'),
('0101022', '1', '02296610', 'A'),	('0101022', '2', '', 'A'),
('0101023', '1', '02302902', 'A'),	('0101023', '2', '', 'A'),
('0101024', '1', '02364652', 'A'),	('0101024', '2', '', 'A'),
('0101025', '1', '02417423', 'A'),	('0101025', '2', '', 'A'),
('0101026', '1', '02435233', 'A'),	('0101026', '2', '', 'A'),
('0101027', '1', '02447344', 'A'),	('0101027', '2', '', 'A'),
('0101028', '1', '03854213', 'A'),	('0101028', '2', '', 'A'),
('0101029', '1', '04081494', 'A'),	('0101029', '2', '', 'A'),
('0101030', '1', '04403278', 'A'),	('0101030', '2', '', 'A'),
('0101031', '1', '04404691', 'A'),	('0101031', '2', '', 'A'),
('0101032', '1', '04423379', 'A'),	('0101032', '2', '', 'A'),
('0101033', '1', '04425486', 'A'),	('0101033', '2', '', 'A'),
('0101034', '1', '04425541', 'A'),	('0101034', '2', '', 'A'),
('0101035', '1', '04426641', 'A'),	('0101035', '2', '', 'A'),
('0101036', '1', '04426701', 'A'),	('0101036', '2', '', 'A'),
('0101037', '1', '04427721', 'A'),	('0101037', '2', '', 'A'),
('0101038', '1', '04431286', 'A'),	('0101038', '2', '', 'A'),
('0101039', '1', '04438030', 'A'),	('0101039', '2', '', 'A'),
('0101040', '1', '04630617', 'A'),	('0101040', '2', '', 'A'),
('0101041', '1', '04641622', 'A'),	('0101041', '2', '', 'A'),
('0101042', '1', '04642707', 'A'),	('0101042', '2', '', 'A'),
('0101043', '1', '04650761', 'A'),	('0101043', '2', '', 'A'),
('0101044', '1', '04653548', 'A'),	('0101044', '2', '', 'A'),
('0101045', '1', '04744781', 'A'),	('0101045', '2', '', 'A'),
('0101046', '1', '04745229', 'A'),	('0101046', '2', '', 'A'),
('0101047', '1', '04748227', 'A'),	('0101047', '2', '', 'A'),
('0101048', '1', '04749505', 'A'),	('0101048', '2', '', 'A'),
('0101049', '1', '04803952', 'A'),	('0101049', '2', '', 'A'),
('0101050', '1', '04828305', 'A'),	('0101050', '2', '', 'A'),
('0101051', '1', '06275998', 'A'),	('0101051', '2', '', 'A'),
('0101052', '1', '06279484', 'A'),	('0101052', '2', '', 'A'),
('0101053', '1', '06293218', 'A'),	('0101053', '2', '', 'A'),
('0101054', '1', '06293993', 'A'),	('0101054', '2', '', 'A'),
('0101055', '1', '06300668', 'A'),	('0101055', '2', '', 'A'),
('0101056', '1', '06396235', 'A'),	('0101056', '2', '', 'A'),
('0101057', '1', '06407790', 'A'),	('0101057', '2', '', 'A'),
('0101058', '1', '06435592', 'A'),	('0101058', '2', '', 'A'),
('0101059', '1', '06442059', 'A'),	('0101059', '2', '', 'A'),
('0101060', '1', '06513091', 'A'),	('0101060', '2', '', 'A'),
('0101061', '1', '06521397', 'A'),	('0101061', '2', '', 'A'),
('0101062', '1', '06801396', 'A'),	('0101062', '2', '', 'A'),
('0101063', '1', '06801396', 'A'),	('0101063', '2', '', 'A'),
('0101064', '1', '06803928', 'A'),	('0101064', '2', '', 'A'),
('0101065', '1', '07596681', 'A'),	('0101065', '2', '', 'A'),
('0101066', '1', '07706994', 'A'),	('0101066', '2', '', 'A'),
('0101067', '1', '07748685', 'A'),	('0101067', '2', '', 'A'),
('0101068', '1', '07873456', 'A'),	('0101068', '2', '', 'A'),
('0101069', '1', '07873684', 'A'),	('0101069', '2', '', 'A'),
('0101070', '1', '07950826', 'A'),	('0101070', '2', '', 'A'),
('0101071', '1', '08167525', 'A'),	('0101071', '2', '', 'A'),
('0101072', '1', '08241459', 'A'),	('0101072', '2', '', 'A'),
('0101073', '1', '08594507', 'A'),	('0101073', '2', '', 'A'),
('0101074', '1', '09155501', 'A'),	('0101074', '2', '', 'A'),
('0101075', '1', '09481920', 'A'),	('0101075', '2', '', 'A'),
('0101076', '1', '09541962', 'A'),	('0101076', '2', '', 'A'),
('0101077', '1', '09609983', 'A'),	('0101077', '2', '', 'A'),
('0101078', '1', '09875174', 'A'),	('0101078', '2', '', 'A'),
('0101079', '1', '09903264', 'A'),	('0101079', '2', '', 'A'),
('0101080', '1', '09923131', 'A'),	('0101080', '2', '', 'A'),
('0101081', '1', '10263162', 'A'),	('0101081', '2', '', 'A'),
('0101082', '1', '10274445', 'A'),	('0101082', '2', '', 'A'),
('0101083', '1', '10541426', 'A'),	('0101083', '2', '', 'A'),
('0101084', '1', '10834373', 'A'),	('0101084', '2', '', 'A'),
('0101085', '1', '15727444', 'A'),	('0101085', '2', '', 'A'),
('0101086', '1', '16170789', 'A'),	('0101086', '2', '', 'A'),
('0101087', '1', '16806756', 'A'),	('0101087', '2', '', 'A'),
('0101088', '1', '17824839', 'A'),	('0101088', '2', '', 'A'),
('0101089', '1', '19557747', 'A'),	('0101089', '2', '', 'A'),
('0101090', '1', '20725147', 'A'),	('0101090', '2', '', 'A'),
('0101091', '1', '21460190', 'A'),	('0101091', '2', '', 'A'),
('0101092', '1', '21545019', 'A'),	('0101092', '2', '', 'A'),
('0101093', '1', '22091048', 'A'),	('0101093', '2', '', 'A'),
('0101094', '1', '22304136', 'A'),	('0101094', '2', '', 'A'),
('0101095', '1', '23848185', 'A'),	('0101095', '2', '', 'A'),
('0101096', '1', '23849607', 'A'),	('0101096', '2', '', 'A'),
('0101097', '1', '23850637', 'A'),	('0101097', '2', '', 'A'),
('0101098', '1', '23884444', 'A'),	('0101098', '2', '', 'A'),
('0101099', '1', '23888077', 'A'),	('0101099', '2', '', 'A'),
('0101100', '1', '23965929', 'A'),	('0101100', '2', '', 'A'),
('0101101', '1', '23990287', 'A'),	('0101101', '2', '', 'A'),
('0101102', '1', '23992085', 'A'),	('0101102', '2', '', 'A'),
('0101103', '1', '24002634', 'A'),	('0101103', '2', '', 'A'),
('0101104', '1', '24711551', 'A'),	('0101104', '2', '', 'A'),
('0101105', '1', '25001800', 'A'),	('0101105', '2', '', 'A'),
('0101106', '1', '25413618', 'A'),	('0101106', '2', '', 'A'),
('0101107', '1', '29200679', 'A'),	('0101107', '2', '', 'A'),
('0101108', '1', '29202824', 'A'),	('0101108', '2', '', 'A'),
('0101109', '1', '29202824', 'A'),	('0101109', '2', '', 'A'),
('0101110', '1', '29202997', 'A'),	('0101110', '2', '', 'A'),
('0101111', '1', '29204057', 'A'),	('0101111', '2', '', 'A'),
('0101112', '1', '29206665', 'A'),	('0101112', '2', '', 'A'),
('0101113', '1', '29207195', 'A'),	('0101113', '2', '', 'A'),
('0101114', '1', '29207252', 'A'),	('0101114', '2', '', 'A'),
('0101115', '1', '29207936', 'A'),	('0101115', '2', '', 'A'),
('0101116', '1', '29209052', 'A'),	('0101116', '2', '', 'A'),
('0101117', '1', '29209136', 'A'),	('0101117', '2', '', 'A'),
('0101118', '1', '29209988', 'A'),	('0101118', '2', '', 'A'),
('0101119', '1', '29212092', 'A'),	('0101119', '2', '', 'A'),
('0101120', '1', '29212831', 'A'),	('0101120', '2', '', 'A'),
('0101121', '1', '29213142', 'A'),	('0101121', '2', '', 'A'),
('0101122', '1', '29213156', 'A'),	('0101122', '2', '', 'A'),
('0101123', '1', '29215951', 'A'),	('0101123', '2', '', 'A'),
('0101124', '1', '29218065', 'A'),	('0101124', '2', '', 'A'),
('0101125', '1', '29218235', 'A'),	('0101125', '2', '', 'A'),
('0101126', '1', '29219050', 'A'),	('0101126', '2', '', 'A'),
('0101127', '1', '29219064', 'A'),	('0101127', '2', '', 'A'),
('0101128', '1', '29222334', 'A'),	('0101128', '2', '', 'A'),
('0101129', '1', '29224553', 'A'),	('0101129', '2', '', 'A'),
('0101130', '1', '29224957', 'A'),	('0101130', '2', '', 'A'),
('0101131', '1', '29225515', 'A'),	('0101131', '2', '', 'A'),
('0101132', '1', '29226380', 'A'),	('0101132', '2', '', 'A'),
('0101133', '1', '29226567', 'A'),	('0101133', '2', '', 'A'),
('0101134', '1', '29230059', 'A'),	('0101134', '2', '', 'A'),
('0101135', '1', '29231407', 'A'),	('0101135', '2', '', 'A'),
('0101136', '1', '29231490', 'A'),	('0101136', '2', '', 'A'),
('0101137', '1', '29232475', 'A'),	('0101137', '2', '', 'A'),
('0101138', '1', '29232648', 'A'),	('0101138', '2', '', 'A'),
('0101139', '1', '29233916', 'A'),	('0101139', '2', '', 'A'),
('0101140', '1', '29234048', 'A'),	('0101140', '2', '', 'A'),
('0101141', '1', '29234635', 'A'),	('0101141', '2', '', 'A'),
('0101142', '1', '29235585', 'A'),	('0101142', '2', '', 'A'),
('0101143', '1', '29235683', 'A'),	('0101143', '2', '', 'A'),
('0101144', '1', '29236665', 'A'),	('0101144', '2', '', 'A'),
('0101145', '1', '29238226', 'A'),	('0101145', '2', '', 'A'),
('0101146', '1', '29238909', 'A'),	('0101146', '2', '', 'A'),
('0101147', '1', '29239759', 'A'),	('0101147', '2', '', 'A'),
('0101148', '1', '29240411', 'A'),	('0101148', '2', '', 'A'),
('0101149', '1', '29241740', 'A'),	('0101149', '2', '', 'A'),
('0101150', '1', '29242216', 'A'),	('0101150', '2', '', 'A'),
('0101151', '1', '29242247', 'A'),	('0101151', '2', '', 'A'),
('0101152', '1', '29242251', 'A'),	('0101152', '2', '', 'A'),
('0101153', '1', '29242520', 'A'),	('0101153', '2', '', 'A'),
('0101154', '1', '29244967', 'A'),	('0101154', '2', '', 'A'),
('0101155', '1', '29246109', 'A'),	('0101155', '2', '', 'A'),
('0101156', '1', '29246881', 'A'),	('0101156', '2', '', 'A'),
('0101157', '1', '29247524', 'A'),	('0101157', '2', '', 'A'),
('0101158', '1', '29247711', 'A'),	('0101158', '2', '', 'A'),
('0101159', '1', '29248778', 'A'),	('0101159', '2', '', 'A'),
('0101160', '1', '29249533', 'A'),	('0101160', '2', '', 'A'),
('0101161', '1', '29251749', 'A'),	('0101161', '2', '', 'A'),
('0101162', '1', '29255397', 'A'),	('0101162', '2', '', 'A'),
('0101163', '1', '29255703', 'A'),	('0101163', '2', '', 'A'),
('0101164', '1', '29257072', 'A'),	('0101164', '2', '', 'A'),
('0101165', '1', '29257152', 'A'),	('0101165', '2', '', 'A'),
('0101166', '1', '29257985', 'A'),	('0101166', '2', '', 'A'),
('0101167', '1', '29258034', 'A'),	('0101167', '2', '', 'A'),
('0101168', '1', '29258725', 'A'),	('0101168', '2', '', 'A'),
('0101169', '1', '29259812', 'A'),	('0101169', '2', '', 'A'),
('0101170', '1', '29262147', 'A'),	('0101170', '2', '', 'A'),
('0101171', '1', '29265555', 'A'),	('0101171', '2', '', 'A'),
('0101172', '1', '29267248', 'A'),	('0101172', '2', '', 'A'),
('0101173', '1', '29270243', 'A'),	('0101173', '2', '', 'A'),
('0101174', '1', '29271667', 'A'),	('0101174', '2', '', 'A'),
('0101175', '1', '29272511', 'A'),	('0101175', '2', '', 'A'),
('0101176', '1', '29273596', 'A'),	('0101176', '2', '', 'A'),
('0101177', '1', '29273748', 'A'),	('0101177', '2', '', 'A'),
('0101178', '1', '29275215', 'A'),	('0101178', '2', '', 'A'),
('0101179', '1', '29276112', 'A'),	('0101179', '2', '', 'A'),
('0101180', '1', '29276331', 'A'),	('0101180', '2', '', 'A'),
('0101181', '1', '29276360', 'A'),	('0101181', '2', '', 'A'),
('0101182', '1', '29276459', 'A'),	('0101182', '2', '', 'A'),
('0101183', '1', '29276537', 'A'),	('0101183', '2', '', 'A'),
('0101184', '1', '29276860', 'A'),	('0101184', '2', '', 'A'),
('0101185', '1', '29278330', 'A'),	('0101185', '2', '', 'A'),
('0101186', '1', '29279770', 'A'),	('0101186', '2', '', 'A'),
('0101187', '1', '29281102', 'A'),	('0101187', '2', '', 'A'),
('0101188', '1', '29281453', 'A'),	('0101188', '2', '', 'A'),
('0101189', '1', '29284411', 'A'),	('0101189', '2', '', 'A'),
('0101190', '1', '29286558', 'A'),	('0101190', '2', '', 'A'),
('0101191', '1', '29288466', 'A'),	('0101191', '2', '', 'A'),
('0101192', '1', '29288653', 'A'),	('0101192', '2', '', 'A'),
('0101193', '1', '29292791', 'A'),	('0101193', '2', '', 'A'),
('0101194', '1', '29293178', 'A'),	('0101194', '2', '', 'A'),
('0101195', '1', '29293512', 'A'),	('0101195', '2', '', 'A'),
('0101196', '1', '29299716', 'A'),	('0101196', '2', '', 'A'),
('0101197', '1', '29301340', 'A'),	('0101197', '2', '', 'A'),
('0101198', '1', '29302260', 'A'),	('0101198', '2', '', 'A'),
('0101199', '1', '29304755', 'A'),	('0101199', '2', '', 'A'),
('0101200', '1', '29305833', 'A'),	('0101200', '2', '', 'A'),
('0101201', '1', '29310129', 'A'),	('0101201', '2', '', 'A'),
('0101202', '1', '29310673', 'A'),	('0101202', '2', '', 'A'),
('0101203', '1', '29311583', 'A'),	('0101203', '2', '', 'A'),
('0101204', '1', '29311583', 'A'),	('0101204', '2', '', 'A'),
('0101205', '1', '29312389', 'A'),	('0101205', '2', '', 'A'),
('0101206', '1', '29312591', 'A'),	('0101206', '2', '', 'A'),
('0101207', '1', '29314140', 'A'),	('0101207', '2', '', 'A'),
('0101208', '1', '29315047', 'A'),	('0101208', '2', '', 'A'),
('0101209', '1', '29315913', 'A'),	('0101209', '2', '', 'A'),
('0101210', '1', '29316139', 'A'),	('0101210', '2', '', 'A'),
('0101211', '1', '29319755', 'A'),	('0101211', '2', '', 'A'),
('0101212', '1', '29319976', 'A'),	('0101212', '2', '', 'A'),
('0101213', '1', '29321108', 'A'),	('0101213', '2', '', 'A'),
('0101214', '1', '29322077', 'A'),	('0101214', '2', '', 'A'),
('0101215', '1', '29322624', 'A'),	('0101215', '2', '', 'A'),
('0101216', '1', '29323246', 'A'),	('0101216', '2', '', 'A'),
('0101217', '1', '29327208', 'A'),	('0101217', '2', '', 'A'),
('0101218', '1', '29331521', 'A'),	('0101218', '2', '', 'A'),
('0101219', '1', '29331883', 'A'),	('0101219', '2', '', 'A'),
('0101220', '1', '29337147', 'A'),	('0101220', '2', '', 'A'),
('0101221', '1', '29337818', 'A'),	('0101221', '2', '', 'A'),
('0101222', '1', '29340166', 'A'),	('0101222', '2', '', 'A'),
('0101223', '1', '29340792', 'A'),	('0101223', '2', '', 'A'),
('0101224', '1', '29341139', 'A'),	('0101224', '2', '', 'A'),
('0101225', '1', '29341520', 'A'),	('0101225', '2', '', 'A'),
('0101226', '1', '29343905', 'A'),	('0101226', '2', '', 'A'),
('0101227', '1', '29344477', 'A'),	('0101227', '2', '', 'A'),
('0101228', '1', '29347628', 'A'),	('0101228', '2', '', 'A'),
('0101229', '1', '29347893', 'A'),	('0101229', '2', '', 'A'),
('0101230', '1', '29351035', 'A'),	('0101230', '2', '', 'A'),
('0101231', '1', '29351666', 'A'),	('0101231', '2', '', 'A'),
('0101232', '1', '29352227', 'A'),	('0101232', '2', '', 'A'),
('0101233', '1', '29352475', 'A'),	('0101233', '2', '', 'A'),
('0101234', '1', '29363191', 'A'),	('0101234', '2', '', 'A'),
('0101235', '1', '29372010', 'A'),	('0101235', '2', '', 'A'),
('0101236', '1', '29375014', 'A'),	('0101236', '2', '', 'A'),
('0101237', '1', '29381448', 'A'),	('0101237', '2', '', 'A'),
('0101238', '1', '29382797', 'A'),	('0101238', '2', '', 'A'),
('0101239', '1', '29389182', 'A'),	('0101239', '2', '', 'A'),
('0101240', '1', '29393353', 'A'),	('0101240', '2', '', 'A'),
('0101241', '1', '29396639', 'A'),	('0101241', '2', '', 'A'),
('0101242', '1', '29403769', 'A'),	('0101242', '2', '', 'A'),
('0101243', '1', '29409037', 'A'),	('0101243', '2', '', 'A'),
('0101244', '1', '29409464', 'A'),	('0101244', '2', '', 'A'),
('0101245', '1', '29418037', 'A'),	('0101245', '2', '', 'A'),
('0101246', '1', '29418532', 'A'),	('0101246', '2', '', 'A'),
('0101247', '1', '29419591', 'A'),	('0101247', '2', '', 'A'),
('0101248', '1', '29420878', 'A'),	('0101248', '2', '', 'A'),
('0101249', '1', '29424619', 'A'),	('0101249', '2', '', 'A'),
('0101250', '1', '29425114', 'A'),	('0101250', '2', '', 'A'),
('0101251', '1', '29427012', 'A'),	('0101251', '2', '', 'A'),
('0101252', '1', '29427023', 'A'),	('0101252', '2', '', 'A'),
('0101253', '1', '29427180', 'A'),	('0101253', '2', '', 'A'),
('0101254', '1', '29429564', 'A'),	('0101254', '2', '', 'A'),
('0101255', '1', '29431594', 'A'),	('0101255', '2', '', 'A'),
('0101256', '1', '29442853', 'A'),	('0101256', '2', '', 'A'),
('0101257', '1', '29445853', 'A'),	('0101257', '2', '', 'A'),
('0101258', '1', '29446404', 'A'),	('0101258', '2', '', 'A'),
('0101259', '1', '29448413', 'A'),	('0101259', '2', '', 'A'),
('0101260', '1', '29451584', 'A'),	('0101260', '2', '', 'A'),
('0101261', '1', '29453603', 'A'),	('0101261', '2', '', 'A'),
('0101262', '1', '29453805', 'A'),	('0101262', '2', '', 'A'),
('0101263', '1', '29459968', 'A'),	('0101263', '2', '', 'A'),
('0101264', '1', '29464888', 'A'),	('0101264', '2', '', 'A'),
('0101265', '1', '29466029', 'A'),	('0101265', '2', '', 'A'),
('0101266', '1', '29466279', 'A'),	('0101266', '2', '', 'A'),
('0101267', '1', '29471199', 'A'),	('0101267', '2', '', 'A'),
('0101268', '1', '29472133', 'A'),	('0101268', '2', '', 'A'),
('0101269', '1', '29473330', 'A'),	('0101269', '2', '', 'A'),
('0101270', '1', '29476240', 'A'),	('0101270', '2', '', 'A'),
('0101271', '1', '29478983', 'A'),	('0101271', '2', '', 'A'),
('0101272', '1', '29479325', 'A'),	('0101272', '2', '', 'A'),
('0101273', '1', '29481786', 'A'),	('0101273', '2', '', 'A'),
('0101274', '1', '29483403', 'A'),	('0101274', '2', '', 'A'),
('0101275', '1', '29489401', 'A'),	('0101275', '2', '', 'A'),
('0101276', '1', '29491460', 'A'),	('0101276', '2', '', 'A'),
('0101277', '1', '29494409', 'A'),	('0101277', '2', '', 'A'),
('0101278', '1', '29500745', 'A'),	('0101278', '2', '', 'A'),
('0101279', '1', '29504202', 'A'),	('0101279', '2', '', 'A'),
('0101280', '1', '29512298', 'A'),	('0101280', '2', '', 'A'),
('0101281', '1', '29514261', 'A'),	('0101281', '2', '', 'A'),
('0101282', '1', '29518366', 'A'),	('0101282', '2', '', 'A'),
('0101283', '1', '29520518', 'A'),	('0101283', '2', '', 'A'),
('0101284', '1', '29520552', 'A'),	('0101284', '2', '', 'A'),
('0101285', '1', '29521086', 'A'),	('0101285', '2', '', 'A'),
('0101286', '1', '29521557', 'A'),	('0101286', '2', '', 'A'),
('0101287', '1', '29521558', 'A'),	('0101287', '2', '', 'A'),
('0101288', '1', '29521791', 'A'),	('0101288', '2', '', 'A'),
('0101289', '1', '29522211', 'A'),	('0101289', '2', '', 'A'),
('0101290', '1', '29522733', 'A'),	('0101290', '2', '', 'A'),
('0101291', '1', '29523111', 'A'),	('0101291', '2', '', 'A'),
('0101292', '1', '29524025', 'A'),	('0101292', '2', '', 'A'),
('0101293', '1', '29524025', 'A'),	('0101293', '2', '', 'A'),
('0101294', '1', '29525114', 'A'),	('0101294', '2', '', 'A'),
('0101295', '1', '29525217', 'A'),	('0101295', '2', '', 'A'),
('0101296', '1', '29528708', 'A'),	('0101296', '2', '', 'A'),
('0101297', '1', '29529905', 'A'),	('0101297', '2', '', 'A'),
('0101298', '1', '29533221', 'A'),	('0101298', '2', '', 'A'),
('0101299', '1', '29534434', 'A'),	('0101299', '2', '', 'A'),
('0101300', '1', '29535360', 'A'),	('0101300', '2', '', 'A'),
('0101301', '1', '29536188', 'A'),	('0101301', '2', '', 'A'),
('0101302', '1', '29536523', 'A'),	('0101302', '2', '', 'A'),
('0101303', '1', '29537151', 'A'),	('0101303', '2', '', 'A'),
('0101304', '1', '29537235', 'A'),	('0101304', '2', '', 'A'),
('0101305', '1', '29539731', 'A'),	('0101305', '2', '', 'A'),
('0101306', '1', '29541791', 'A'),	('0101306', '2', '', 'A'),
('0101307', '1', '29542787', 'A'),	('0101307', '2', '', 'A'),
('0101308', '1', '29542874', 'A'),	('0101308', '2', '', 'A'),
('0101309', '1', '29548068', 'A'),	('0101309', '2', '', 'A'),
('0101310', '1', '29548593', 'A'),	('0101310', '2', '', 'A'),
('0101311', '1', '29550256', 'A'),	('0101311', '2', '', 'A'),
('0101312', '1', '29551554', 'A'),	('0101312', '2', '', 'A'),
('0101313', '1', '29553077', 'A'),	('0101313', '2', '', 'A'),
('0101314', '1', '29553132', 'A'),	('0101314', '2', '', 'A'),
('0101315', '1', '29556402', 'A'),	('0101315', '2', '', 'A'),
('0101316', '1', '29556512', 'A'),	('0101316', '2', '', 'A'),
('0101317', '1', '29558606', 'A'),	('0101317', '2', '', 'A'),
('0101318', '1', '29559806', 'A'),	('0101318', '2', '', 'A'),
('0101319', '1', '29559963', 'A'),	('0101319', '2', '', 'A'),
('0101320', '1', '29561737', 'A'),	('0101320', '2', '', 'A'),
('0101321', '1', '29561919', 'A'),	('0101321', '2', '', 'A'),
('0101322', '1', '29562908', 'A'),	('0101322', '2', '', 'A'),
('0101323', '1', '29563235', 'A'),	('0101323', '2', '', 'A'),
('0101324', '1', '29565004', 'A'),	('0101324', '2', '', 'A'),
('0101325', '1', '29565876', 'A'),	('0101325', '2', '', 'A'),
('0101326', '1', '29570698', 'A'),	('0101326', '2', '', 'A'),
('0101327', '1', '29571846', 'A'),	('0101327', '2', '', 'A'),
('0101328', '1', '29574063', 'A'),	('0101328', '2', '', 'A'),
('0101329', '1', '29577521', 'A'),	('0101329', '2', '', 'A'),
('0101330', '1', '29577687', 'A'),	('0101330', '2', '', 'A'),
('0101331', '1', '29581253', 'A'),	('0101331', '2', '', 'A'),
('0101332', '1', '29581550', 'A'),	('0101332', '2', '', 'A'),
('0101333', '1', '29582954', 'A'),	('0101333', '2', '', 'A'),
('0101334', '1', '29588129', 'A'),	('0101334', '2', '', 'A'),
('0101335', '1', '29590396', 'A'),	('0101335', '2', '', 'A'),
('0101336', '1', '29590622', 'A'),	('0101336', '2', '', 'A'),
('0101337', '1', '29592049', 'A'),	('0101337', '2', '', 'A'),
('0101338', '1', '29593904', 'A'),	('0101338', '2', '', 'A'),
('0101339', '1', '29593991', 'A'),	('0101339', '2', '', 'A'),
('0101340', '1', '29595308', 'A'),	('0101340', '2', '', 'A'),
('0101341', '1', '29595553', 'A'),	('0101341', '2', '', 'A'),
('0101342', '1', '29596139', 'A'),	('0101342', '2', '', 'A'),
('0101343', '1', '29597247', 'A'),	('0101343', '2', '', 'A'),
('0101344', '1', '29597754', 'A'),	('0101344', '2', '', 'A'),
('0101345', '1', '29600092', 'A'),	('0101345', '2', '', 'A'),
('0101346', '1', '29600889', 'A'),	('0101346', '2', '', 'A'),
('0101347', '1', '29602884', 'A'),	('0101347', '2', '', 'A'),
('0101348', '1', '29603264', 'A'),	('0101348', '2', '', 'A'),
('0101349', '1', '29607274', 'A'),	('0101349', '2', '', 'A'),
('0101350', '1', '29612091', 'A'),	('0101350', '2', '', 'A'),
('0101351', '1', '29616129', 'A'),	('0101351', '2', '', 'A'),
('0101352', '1', '29616156', 'A'),	('0101352', '2', '', 'A'),
('0101353', '1', '29616679', 'A'),	('0101353', '2', '', 'A'),
('0101354', '1', '29620000', 'A'),	('0101354', '2', '', 'A'),
('0101355', '1', '29621469', 'A'),	('0101355', '2', '', 'A'),
('0101356', '1', '29623530', 'A'),	('0101356', '2', '', 'A'),
('0101357', '1', '29625864', 'A'),	('0101357', '2', '', 'A'),
('0101358', '1', '29626093', 'A'),	('0101358', '2', '', 'A'),
('0101359', '1', '29626742', 'A'),	('0101359', '2', '', 'A'),
('0101360', '1', '29627289', 'A'),	('0101360', '2', '', 'A'),
('0101361', '1', '29627406', 'A'),	('0101361', '2', '', 'A'),
('0101362', '1', '29631191', 'A'),	('0101362', '2', '', 'A'),
('0101363', '1', '29631259', 'A'),	('0101363', '2', '', 'A'),
('0101364', '1', '29632356', 'A'),	('0101364', '2', '', 'A'),
('0101365', '1', '29633134', 'A'),	('0101365', '2', '', 'A'),
('0101366', '1', '29634785', 'A'),	('0101366', '2', '', 'A'),
('0101367', '1', '29635071', 'A'),	('0101367', '2', '', 'A'),
('0101368', '1', '29635715', 'A'),	('0101368', '2', '', 'A'),
('0101369', '1', '29636108', 'A'),	('0101369', '2', '', 'A'),
('0101370', '1', '29636437', 'A'),	('0101370', '2', '', 'A'),
('0101371', '1', '29636669', 'A'),	('0101371', '2', '', 'A'),
('0101372', '1', '29638214', 'A'),	('0101372', '2', '', 'A'),
('0101373', '1', '29638373', 'A'),	('0101373', '2', '', 'A'),
('0101374', '1', '29638992', 'A'),	('0101374', '2', '', 'A'),
('0101375', '1', '29639069', 'A'),	('0101375', '2', '', 'A'),
('0101376', '1', '29639997', 'A'),	('0101376', '2', '', 'A'),
('0101377', '1', '29642827', 'A'),	('0101377', '2', '', 'A'),
('0101378', '1', '29645307', 'A'),	('0101378', '2', '', 'A'),
('0101379', '1', '29647868', 'A'),	('0101379', '2', '', 'A'),
('0101380', '1', '29648167', 'A'),	('0101380', '2', '', 'A'),
('0101381', '1', '29648532', 'A'),	('0101381', '2', '', 'A'),
('0101382', '1', '29651270', 'A'),	('0101382', '2', '', 'A'),
('0101383', '1', '29654940', 'A'),	('0101383', '2', '', 'A'),
('0101384', '1', '29654987', 'A'),	('0101384', '2', '', 'A'),
('0101385', '1', '29655466', 'A'),	('0101385', '2', '', 'A'),
('0101386', '1', '29656969', 'A'),	('0101386', '2', '', 'A'),
('0101387', '1', '29657835', 'A'),	('0101387', '2', '', 'A'),
('0101388', '1', '29657836', 'A'),	('0101388', '2', '', 'A'),
('0101389', '1', '29659988', 'A'),	('0101389', '2', '', 'A'),
('0101390', '1', '29660072', 'A'),	('0101390', '2', '', 'A'),
('0101391', '1', '29660234', 'A'),	('0101391', '2', '', 'A'),
('0101392', '1', '29660331', 'A'),	('0101392', '2', '', 'A'),
('0101393', '1', '29662926', 'A'),	('0101393', '2', '', 'A'),
('0101394', '1', '29663752', 'A'),	('0101394', '2', '', 'A'),
('0101395', '1', '29665289', 'A'),	('0101395', '2', '', 'A'),
('0101396', '1', '29665615', 'A'),	('0101396', '2', '', 'A'),
('0101397', '1', '29665691', 'A'),	('0101397', '2', '', 'A'),
('0101398', '1', '29665739', 'A'),	('0101398', '2', '', 'A'),
('0101399', '1', '29666642', 'A'),	('0101399', '2', '', 'A'),
('0101400', '1', '29666896', 'A'),	('0101400', '2', '', 'A'),
('0101401', '1', '29666910', 'A'),	('0101401', '2', '', 'A'),
('0101402', '1', '29666978', 'A'),	('0101402', '2', '', 'A'),
('0101403', '1', '29667089', 'A'),	('0101403', '2', '', 'A'),
('0101404', '1', '29667256', 'A'),	('0101404', '2', '', 'A'),
('0101405', '1', '29670089', 'A'),	('0101405', '2', '', 'A'),
('0101406', '1', '29671590', 'A'),	('0101406', '2', '', 'A'),
('0101407', '1', '29672325', 'A'),	('0101407', '2', '', 'A'),
('0101408', '1', '29679194', 'A'),	('0101408', '2', '', 'A'),
('0101409', '1', '29679869', 'A'),	('0101409', '2', '', 'A'),
('0101410', '1', '29681830', 'A'),	('0101410', '2', '', 'A'),
('0101411', '1', '29684221', 'A'),	('0101411', '2', '', 'A'),
('0101412', '1', '29684492', 'A'),	('0101412', '2', '', 'A'),
('0101413', '1', '29687702', 'A'),	('0101413', '2', '', 'A'),
('0101414', '1', '29688868', 'A'),	('0101414', '2', '', 'A'),
('0101415', '1', '29691715', 'A'),	('0101415', '2', '', 'A'),
('0101416', '1', '29693431', 'A'),	('0101416', '2', '', 'A'),
('0101417', '1', '29695709', 'A'),	('0101417', '2', '', 'A'),
('0101418', '1', '29697808', 'A'),	('0101418', '2', '', 'A'),
('0101419', '1', '29699176', 'A'),	('0101419', '2', '', 'A'),
('0101420', '1', '29703251', 'A'),	('0101420', '2', '', 'A'),
('0101421', '1', '29703326', 'A'),	('0101421', '2', '', 'A'),
('0101422', '1', '29703523', 'A'),	('0101422', '2', '', 'A'),
('0101423', '1', '29703580', 'A'),	('0101423', '2', '', 'A'),
('0101424', '1', '29704084', 'A'),	('0101424', '2', '', 'A'),
('0101425', '1', '29704429', 'A'),	('0101425', '2', '', 'A'),
('0101426', '1', '29704999', 'A'),	('0101426', '2', '', 'A'),
('0101427', '1', '29705509', 'A'),	('0101427', '2', '', 'A'),
('0101428', '1', '29705528', 'A'),	('0101428', '2', '', 'A'),
('0101429', '1', '29707117', 'A'),	('0101429', '2', '', 'A'),
('0101430', '1', '29707129', 'A'),	('0101430', '2', '', 'A'),
('0101431', '1', '29707205', 'A'),	('0101431', '2', '', 'A'),
('0101432', '1', '29707353', 'A'),	('0101432', '2', '', 'A'),
('0101433', '1', '29707713', 'A'),	('0101433', '2', '', 'A'),
('0101434', '1', '29708177', 'A'),	('0101434', '2', '', 'A'),
('0101435', '1', '29708525', 'A'),	('0101435', '2', '', 'A'),
('0101436', '1', '29714333', 'A'),	('0101436', '2', '', 'A'),
('0101437', '1', '29714430', 'A'),	('0101437', '2', '', 'A'),
('0101438', '1', '29714627', 'A'),	('0101438', '2', '', 'A'),
('0101439', '1', '29717543', 'A'),	('0101439', '2', '', 'A'),
('0101440', '1', '29718768', 'A'),	('0101440', '2', '', 'A'),
('0101441', '1', '29722517', 'A'),	('0101441', '2', '', 'A'),
('0101442', '1', '29722544', 'A'),	('0101442', '2', '', 'A'),
('0101443', '1', '29722751', 'A'),	('0101443', '2', '', 'A'),
('0101444', '1', '29724347', 'A'),	('0101444', '2', '', 'A'),
('0101445', '1', '29724414', 'A'),	('0101445', '2', '', 'A'),
('0101446', '1', '29724543', 'A'),	('0101446', '2', '', 'A'),
('0101447', '1', '29724565', 'A'),	('0101447', '2', '', 'A'),
('0101448', '1', '29724708', 'A'),	('0101448', '2', '', 'A'),
('0101449', '1', '29724923', 'A'),	('0101449', '2', '', 'A'),
('0101450', '1', '29726270', 'A'),	('0101450', '2', '', 'A'),
('0101451', '1', '29728276', 'A'),	('0101451', '2', '', 'A'),
('0101452', '1', '29730605', 'A'),	('0101452', '2', '', 'A'),
('0101453', '1', '29731001', 'A'),	('0101453', '2', '', 'A'),
('0101454', '1', '29731002', 'A'),	('0101454', '2', '', 'A'),
('0101455', '1', '29731572', 'A'),	('0101455', '2', '', 'A'),
('0101456', '1', '29736916', 'A'),	('0101456', '2', '', 'A'),
('0101457', '1', '29738164', 'A'),	('0101457', '2', '', 'A'),
('0101458', '1', '29889706', 'A'),	('0101458', '2', '', 'A'),
('0101459', '1', '30430392', 'A'),	('0101459', '2', '', 'A'),
('0101460', '1', '30431727', 'A'),	('0101460', '2', '', 'A'),
('0101461', '1', '30582342', 'A'),	('0101461', '2', '', 'A'),
('0101462', '1', '30588908', 'A'),	('0101462', '2', '', 'A'),
('0101463', '1', '30664150', 'A'),	('0101463', '2', '', 'A'),
('0101464', '1', '30675474', 'A'),	('0101464', '2', '', 'A'),
('0101465', '1', '30675664', 'A'),	('0101465', '2', '', 'A'),
('0101466', '1', '30677585', 'A'),	('0101466', '2', '', 'A'),
('0101467', '1', '30837367', 'A'),	('0101467', '2', '', 'A'),
('0101468', '1', '30848921', 'A'),	('0101468', '2', '', 'A'),
('0101469', '1', '30849058', 'A'),	('0101469', '2', '', 'A'),
('0101470', '1', '30849655', 'A'),	('0101470', '2', '', 'A'),
('0101471', '1', '30849769', 'A'),	('0101471', '2', '', 'A'),
('0101472', '1', '30849910', 'A'),	('0101472', '2', '', 'A'),
('0101473', '1', '30850175', 'A'),	('0101473', '2', '', 'A'),
('0101474', '1', '30850176', 'A'),	('0101474', '2', '', 'A'),
('0101475', '1', '30859148', 'A'),	('0101475', '2', '', 'A'),
('0101476', '1', '30941825', 'A'),	('0101476', '2', '', 'A'),
('0101477', '1', '30961966', 'A'),	('0101477', '2', '', 'A'),
('0101478', '1', '30963101', 'A'),	('0101478', '2', '', 'A'),
('0101479', '1', '30963187', 'A'),	('0101479', '2', '', 'A'),
('0101480', '1', '30963439', 'A'),	('0101480', '2', '', 'A'),
('0101481', '1', '34079636', 'A'),	('0101481', '2', '', 'A'),
('0101482', '1', '40010727', 'A'),	('0101482', '2', '', 'A'),
('0101483', '1', '40041799', 'A'),	('0101483', '2', '', 'A'),
('0101484', '1', '40042317', 'A'),	('0101484', '2', '', 'A'),
('0101485', '1', '40059906', 'A'),	('0101485', '2', '', 'A'),
('0101486', '1', '40066871', 'A'),	('0101486', '2', '', 'A'),
('0101487', '1', '40079552', 'A'),	('0101487', '2', '', 'A'),
('0101488', '1', '40125831', 'A'),	('0101488', '2', '', 'A'),
('0101489', '1', '40126992', 'A'),	('0101489', '2', '', 'A'),
('0101490', '1', '40126994', 'A'),	('0101490', '2', '', 'A'),
('0101491', '1', '40136333', 'A'),	('0101491', '2', '', 'A'),
('0101492', '1', '40169485', 'A'),	('0101492', '2', '', 'A'),
('0101493', '1', '40191293', 'A'),	('0101493', '2', '', 'A'),
('0101494', '1', '40203427', 'A'),	('0101494', '2', '', 'A'),
('0101495', '1', '40206057', 'A'),	('0101495', '2', '', 'A'),
('0101496', '1', '40225352', 'A'),	('0101496', '2', '', 'A'),
('0101497', '1', '40229176', 'A'),	('0101497', '2', '', 'A'),
('0101498', '1', '40243655', 'A'),	('0101498', '2', '', 'A'),
('0101499', '1', '40255486', 'A'),	('0101499', '2', '', 'A'),
('0101500', '1', '40272411', 'A'),	('0101500', '2', '', 'A'),
('0101501', '1', '40303484', 'A'),	('0101501', '2', '', 'A'),
('0101502', '1', '40311259', 'A'),	('0101502', '2', '', 'A'),
('0101503', '1', '40323510', 'A'),	('0101503', '2', '', 'A'),
('0101504', '1', '40345362', 'A'),	('0101504', '2', '', 'A'),
('0101505', '1', '40345535', 'A'),	('0101505', '2', '', 'A'),
('0101506', '1', '40353882', 'A'),	('0101506', '2', '', 'A'),
('0101507', '1', '40366661', 'A'),	('0101507', '2', '', 'A'),
('0101508', '1', '40375804', 'A'),	('0101508', '2', '', 'A'),
('0101509', '1', '40375804', 'A'),	('0101509', '2', '', 'A'),
('0101510', '1', '40376200', 'A'),	('0101510', '2', '', 'A'),
('0101511', '1', '40379341', 'A'),	('0101511', '2', '', 'A'),
('0101512', '1', '40394208', 'A'),	('0101512', '2', '', 'A'),
('0101513', '1', '40402770', 'A'),	('0101513', '2', '', 'A'),
('0101514', '1', '40490555', 'A'),	('0101514', '2', '', 'A'),
('0101515', '1', '40494989', 'A'),	('0101515', '2', '', 'A'),
('0101516', '1', '40521549', 'A'),	('0101516', '2', '', 'A'),
('0101517', '1', '40529755', 'A'),	('0101517', '2', '', 'A'),
('0101518', '1', '40534780', 'A'),	('0101518', '2', '', 'A'),
('0101519', '1', '40549387', 'A'),	('0101519', '2', '', 'A'),
('0101520', '1', '40561995', 'A'),	('0101520', '2', '', 'A'),
('0101521', '1', '40582345', 'A'),	('0101521', '2', '', 'A'),
('0101522', '1', '40614629', 'A'),	('0101522', '2', '', 'A'),
('0101523', '1', '40617081', 'A'),	('0101523', '2', '', 'A'),
('0101524', '1', '40655124', 'A'),	('0101524', '2', '', 'A'),
('0101525', '1', '40658891', 'A'),	('0101525', '2', '', 'A'),
('0101526', '1', '40664315', 'A'),	('0101526', '2', '', 'A'),
('0101527', '1', '40675674', 'A'),	('0101527', '2', '', 'A'),
('0101528', '1', '40691691', 'A'),	('0101528', '2', '', 'A'),
('0101529', '1', '40691694', 'A'),	('0101529', '2', '', 'A'),
('0101530', '1', '40693508', 'A'),	('0101530', '2', '', 'A'),
('0101531', '1', '40697049', 'A'),	('0101531', '2', '', 'A'),
('0101532', '1', '40709088', 'A'),	('0101532', '2', '', 'A'),
('0101533', '1', '40722620', 'A'),	('0101533', '2', '', 'A'),
('0101534', '1', '40727292', 'A'),	('0101534', '2', '', 'A'),
('0101535', '1', '40735674', 'A'),	('0101535', '2', '', 'A'),
('0101536', '1', '40738012', 'A'),	('0101536', '2', '', 'A'),
('0101537', '1', '40740836', 'A'),	('0101537', '2', '', 'A'),
('0101538', '1', '40753080', 'A'),	('0101538', '2', '', 'A'),
('0101539', '1', '40760091', 'A'),	('0101539', '2', '', 'A'),
('0101540', '1', '40765719', 'A'),	('0101540', '2', '', 'A'),
('0101541', '1', '40768927', 'A'),	('0101541', '2', '', 'A'),
('0101542', '1', '40794829', 'A'),	('0101542', '2', '', 'A'),
('0101543', '1', '40815062', 'A'),	('0101543', '2', '', 'A'),
('0101544', '1', '40816712', 'A'),	('0101544', '2', '', 'A'),
('0101545', '1', '40822757', 'A'),	('0101545', '2', '', 'A'),
('0101546', '1', '40834715', 'A'),	('0101546', '2', '', 'A'),
('0101547', '1', '40861622', 'A'),	('0101547', '2', '', 'A'),
('0101548', '1', '40899367', 'A'),	('0101548', '2', '', 'A'),
('0101549', '1', '40937897', 'A'),	('0101549', '2', '', 'A'),
('0101550', '1', '40982394', 'A'),	('0101550', '2', '', 'A'),
('0101551', '1', '40995517', 'A'),	('0101551', '2', '', 'A'),
('0101552', '1', '41006251', 'A'),	('0101552', '2', '', 'A'),
('0101553', '1', '41016253', 'A'),	('0101553', '2', '', 'A'),
('0101554', '1', '41024851', 'A'),	('0101554', '2', '', 'A'),
('0101555', '1', '41037477', 'A'),	('0101555', '2', '', 'A'),
('0101556', '1', '41055350', 'A'),	('0101556', '2', '', 'A'),
('0101557', '1', '41078185', 'A'),	('0101557', '2', '', 'A'),
('0101558', '1', '41100273', 'A'),	('0101558', '2', '', 'A'),
('0101559', '1', '41171886', 'A'),	('0101559', '2', '', 'A'),
('0101560', '1', '41203572', 'A'),	('0101560', '2', '', 'A'),
('0101561', '1', '41206146', 'A'),	('0101561', '2', '', 'A'),
('0101562', '1', '41271066', 'A'),	('0101562', '2', '', 'A'),
('0101563', '1', '41290227', 'A'),	('0101563', '2', '', 'A'),
('0101564', '1', '41316558', 'A'),	('0101564', '2', '', 'A'),
('0101565', '1', '41367201', 'A'),	('0101565', '2', '', 'A'),
('0101566', '1', '41370057', 'A'),	('0101566', '2', '', 'A'),
('0101567', '1', '41373362', 'A'),	('0101567', '2', '', 'A'),
('0101568', '1', '41378180', 'A'),	('0101568', '2', '', 'A'),
('0101569', '1', '41402637', 'A'),	('0101569', '2', '', 'A'),
('0101570', '1', '41417195', 'A'),	('0101570', '2', '', 'A'),
('0101571', '1', '41419756', 'A'),	('0101571', '2', '', 'A'),
('0101572', '1', '41421681', 'A'),	('0101572', '2', '', 'A'),
('0101573', '1', '41425700', 'A'),	('0101573', '2', '', 'A'),
('0101574', '1', '41429104', 'A'),	('0101574', '2', '', 'A'),
('0101575', '1', '41481147', 'A'),	('0101575', '2', '', 'A'),
('0101576', '1', '41485848', 'A'),	('0101576', '2', '', 'A'),
('0101577', '1', '41526602', 'A'),	('0101577', '2', '', 'A'),
('0101578', '1', '41539927', 'A'),	('0101578', '2', '', 'A'),
('0101579', '1', '41540431', 'A'),	('0101579', '2', '', 'A'),
('0101580', '1', '41564358', 'A'),	('0101580', '2', '', 'A'),
('0101581', '1', '41590425', 'A'),	('0101581', '2', '', 'A'),
('0101582', '1', '41596635', 'A'),	('0101582', '2', '', 'A'),
('0101583', '1', '41637029', 'A'),	('0101583', '2', '', 'A'),
('0101584', '1', '41690938', 'A'),	('0101584', '2', '', 'A'),
('0101585', '1', '41708169', 'A'),	('0101585', '2', '', 'A'),
('0101586', '1', '41732026', 'A'),	('0101586', '2', '', 'A'),
('0101587', '1', '41751910', 'A'),	('0101587', '2', '', 'A'),
('0101588', '1', '41780702', 'A'),	('0101588', '2', '', 'A'),
('0101589', '1', '41826081', 'A'),	('0101589', '2', '', 'A'),
('0101590', '1', '41830895', 'A'),	('0101590', '2', '', 'A'),
('0101591', '1', '41844506', 'A'),	('0101591', '2', '', 'A'),
('0101592', '1', '41877371', 'A'),	('0101592', '2', '', 'A'),
('0101593', '1', '41887561', 'A'),	('0101593', '2', '', 'A'),
('0101594', '1', '41914331', 'A'),	('0101594', '2', '', 'A'),
('0101595', '1', '41919376', 'A'),	('0101595', '2', '', 'A'),
('0101596', '1', '41952546', 'A'),	('0101596', '2', '', 'A'),
('0101597', '1', '41966783', 'A'),	('0101597', '2', '', 'A'),
('0101598', '1', '42009793', 'A'),	('0101598', '2', '', 'A'),
('0101599', '1', '42010144', 'A'),	('0101599', '2', '', 'A'),
('0101600', '1', '42018137', 'A'),	('0101600', '2', '', 'A'),
('0101601', '1', '42030963', 'A'),	('0101601', '2', '', 'A'),
('0101602', '1', '42033305', 'A'),	('0101602', '2', '', 'A'),
('0101603', '1', '42043492', 'A'),	('0101603', '2', '', 'A'),
('0101604', '1', '42075486', 'A'),	('0101604', '2', '', 'A'),
('0101605', '1', '42085663', 'A'),	('0101605', '2', '', 'A'),
('0101606', '1', '42088407', 'A'),	('0101606', '2', '', 'A'),
('0101607', '1', '42092250', 'A'),	('0101607', '2', '', 'A'),
('0101608', '1', '42098899', 'A'),	('0101608', '2', '', 'A'),
('0101609', '1', '42103921', 'A'),	('0101609', '2', '', 'A'),
('0101610', '1', '42142859', 'A'),	('0101610', '2', '', 'A'),
('0101611', '1', '42154551', 'A'),	('0101611', '2', '', 'A'),
('0101612', '1', '42155673', 'A'),	('0101612', '2', '', 'A'),
('0101613', '1', '42191460', 'A'),	('0101613', '2', '', 'A'),
('0101614', '1', '42197367', 'A'),	('0101614', '2', '', 'A'),
('0101615', '1', '42225412', 'A'),	('0101615', '2', '', 'A'),
('0101616', '1', '42226623', 'A'),	('0101616', '2', '', 'A'),
('0101617', '1', '42241385', 'A'),	('0101617', '2', '', 'A'),
('0101618', '1', '42245160', 'A'),	('0101618', '2', '', 'A'),
('0101619', '1', '42253952', 'A'),	('0101619', '2', '', 'A'),
('0101620', '1', '42289306', 'A'),	('0101620', '2', '', 'A'),
('0101621', '1', '42289918', 'A'),	('0101621', '2', '', 'A'),
('0101622', '1', '42303386', 'A'),	('0101622', '2', '', 'A'),
('0101623', '1', '42338216', 'A'),	('0101623', '2', '', 'A'),
('0101624', '1', '42345574', 'A'),	('0101624', '2', '', 'A'),
('0101625', '1', '42358813', 'A'),	('0101625', '2', '', 'A'),
('0101626', '1', '42385455', 'A'),	('0101626', '2', '', 'A'),
('0101627', '1', '42386984', 'A'),	('0101627', '2', '', 'A'),
('0101628', '1', '42420763', 'A'),	('0101628', '2', '', 'A'),
('0101629', '1', '42481219', 'A'),	('0101629', '2', '', 'A'),
('0101630', '1', '42488858', 'A'),	('0101630', '2', '', 'A'),
('0101631', '1', '42517100', 'A'),	('0101631', '2', '', 'A'),
('0101632', '1', '42525615', 'A'),	('0101632', '2', '', 'A'),
('0101633', '1', '42531052', 'A'),	('0101633', '2', '', 'A'),
('0101634', '1', '42568326', 'A'),	('0101634', '2', '', 'A'),
('0101635', '1', '42592539', 'A'),	('0101635', '2', '', 'A'),
('0101636', '1', '42645287', 'A'),	('0101636', '2', '', 'A'),
('0101637', '1', '42658902', 'A'),	('0101637', '2', '', 'A'),
('0101638', '1', '42671615', 'A'),	('0101638', '2', '', 'A'),
('0101639', '1', '42693860', 'A'),	('0101639', '2', '', 'A'),
('0101640', '1', '42739800', 'A'),	('0101640', '2', '', 'A'),
('0101641', '1', '42759991', 'A'),	('0101641', '2', '', 'A'),
('0101642', '1', '42760657', 'A'),	('0101642', '2', '', 'A'),
('0101643', '1', '42768391', 'A'),	('0101643', '2', '', 'A'),
('0101644', '1', '42807590', 'A'),	('0101644', '2', '', 'A'),
('0101645', '1', '42816369', 'A'),	('0101645', '2', '', 'A'),
('0101646', '1', '42844647', 'A'),	('0101646', '2', '', 'A'),
('0101647', '1', '42862274', 'A'),	('0101647', '2', '', 'A'),
('0101648', '1', '42891962', 'A'),	('0101648', '2', '', 'A'),
('0101649', '1', '42910248', 'A'),	('0101649', '2', '', 'A'),
('0101650', '1', '42948232', 'A'),	('0101650', '2', '', 'A'),
('0101651', '1', '42981244', 'A'),	('0101651', '2', '', 'A'),
('0101652', '1', '42991414', 'A'),	('0101652', '2', '', 'A'),
('0101653', '1', '43002052', 'A'),	('0101653', '2', '', 'A'),
('0101654', '1', '43024689', 'A'),	('0101654', '2', '', 'A'),
('0101655', '1', '43024816', 'A'),	('0101655', '2', '', 'A'),
('0101656', '1', '43053905', 'A'),	('0101656', '2', '', 'A'),
('0101657', '1', '43059044', 'A'),	('0101657', '2', '', 'A'),
('0101658', '1', '43068940', 'A'),	('0101658', '2', '', 'A'),
('0101659', '1', '43132230', 'A'),	('0101659', '2', '', 'A'),
('0101660', '1', '43192820', 'A'),	('0101660', '2', '', 'A'),
('0101661', '1', '43284044', 'A'),	('0101661', '2', '', 'A'),
('0101662', '1', '43336660', 'A'),	('0101662', '2', '', 'A'),
('0101663', '1', '43344685', 'A'),	('0101663', '2', '', 'A'),
('0101664', '1', '43366860', 'A'),	('0101664', '2', '', 'A'),
('0101665', '1', '43380837', 'A'),	('0101665', '2', '', 'A'),
('0101666', '1', '43387271', 'A'),	('0101666', '2', '', 'A'),
('0101667', '1', '43421298', 'A'),	('0101667', '2', '', 'A'),
('0101668', '1', '43461036', 'A'),	('0101668', '2', '', 'A'),
('0101669', '1', '43475752', 'A'),	('0101669', '2', '', 'A'),
('0101670', '1', '43495661', 'A'),	('0101670', '2', '', 'A'),
('0101671', '1', '43496495', 'A'),	('0101671', '2', '', 'A'),
('0101672', '1', '43515640', 'A'),	('0101672', '2', '', 'A'),
('0101673', '1', '43524917', 'A'),	('0101673', '2', '', 'A'),
('0101674', '1', '43536956', 'A'),	('0101674', '2', '', 'A'),
('0101675', '1', '43551986', 'A'),	('0101675', '2', '', 'A'),
('0101676', '1', '43567871', 'A'),	('0101676', '2', '', 'A'),
('0101677', '1', '43613636', 'A'),	('0101677', '2', '', 'A'),
('0101678', '1', '43614831', 'A'),	('0101678', '2', '', 'A'),
('0101679', '1', '43694977', 'A'),	('0101679', '2', '', 'A'),
('0101680', '1', '43695226', 'A'),	('0101680', '2', '', 'A'),
('0101681', '1', '43741640', 'A'),	('0101681', '2', '', 'A'),
('0101682', '1', '43755929', 'A'),	('0101682', '2', '', 'A'),
('0101683', '1', '43828311', 'A'),	('0101683', '2', '', 'A'),
('0101684', '1', '43841363', 'A'),	('0101684', '2', '', 'A'),
('0101685', '1', '43863449', 'A'),	('0101685', '2', '', 'A'),
('0101686', '1', '43879623', 'A'),	('0101686', '2', '', 'A'),
('0101687', '1', '43931784', 'A'),	('0101687', '2', '', 'A'),
('0101688', '1', '43983666', 'A'),	('0101688', '2', '', 'A'),
('0101689', '1', '44003184', 'A'),	('0101689', '2', '', 'A'),
('0101690', '1', '44006524', 'A'),	('0101690', '2', '', 'A'),
('0101691', '1', '44024648', 'A'),	('0101691', '2', '', 'A'),
('0101692', '1', '44054856', 'A'),	('0101692', '2', '', 'A'),
('0101693', '1', '44063367', 'A'),	('0101693', '2', '', 'A'),
('0101694', '1', '44104485', 'A'),	('0101694', '2', '', 'A'),
('0101695', '1', '44143169', 'A'),	('0101695', '2', '', 'A'),
('0101696', '1', '44143265', 'A'),	('0101696', '2', '', 'A'),
('0101697', '1', '44190998', 'A'),	('0101697', '2', '', 'A'),
('0101698', '1', '44198058', 'A'),	('0101698', '2', '', 'A'),
('0101699', '1', '44288134', 'A'),	('0101699', '2', '', 'A'),
('0101700', '1', '44326598', 'A'),	('0101700', '2', '', 'A'),
('0101701', '1', '44335091', 'A'),	('0101701', '2', '', 'A'),
('0101702', '1', '44401502', 'A'),	('0101702', '2', '', 'A'),
('0101703', '1', '44451289', 'A'),	('0101703', '2', '', 'A'),
('0101704', '1', '44481125', 'A'),	('0101704', '2', '', 'A'),
('0101705', '1', '44514492', 'A'),	('0101705', '2', '', 'A'),
('0101706', '1', '44543117', 'A'),	('0101706', '2', '', 'A'),
('0101707', '1', '44621064', 'A'),	('0101707', '2', '', 'A'),
('0101708', '1', '44631392', 'A'),	('0101708', '2', '', 'A'),
('0101709', '1', '44661612', 'A'),	('0101709', '2', '', 'A'),
('0101710', '1', '44694431', 'A'),	('0101710', '2', '', 'A'),
('0101711', '1', '44774268', 'A'),	('0101711', '2', '', 'A'),
('0101712', '1', '44798644', 'A'),	('0101712', '2', '', 'A'),
('0101713', '1', '44892068', 'A'),	('0101713', '2', '', 'A'),
('0101714', '1', '44990767', 'A'),	('0101714', '2', '', 'A'),
('0101715', '1', '45003870', 'A'),	('0101715', '2', '', 'A'),
('0101716', '1', '45079476', 'A'),	('0101716', '2', '', 'A'),
('0101717', '1', '45126015', 'A'),	('0101717', '2', '', 'A'),
('0101718', '1', '45203764', 'A'),	('0101718', '2', '', 'A'),
('0101719', '1', '45207749', 'A'),	('0101719', '2', '', 'A'),
('0101720', '1', '45253336', 'A'),	('0101720', '2', '', 'A'),
('0101721', '1', '45282679', 'A'),	('0101721', '2', '', 'A'),
('0101722', '1', '45426706', 'A'),	('0101722', '2', '', 'A'),
('0101723', '1', '45455111', 'A'),	('0101723', '2', '', 'A'),
('0101724', '1', '45481238', 'A'),	('0101724', '2', '', 'A'),
('0101725', '1', '45511337', 'A'),	('0101725', '2', '', 'A'),
('0101726', '1', '45537134', 'A'),	('0101726', '2', '', 'A'),
('0101727', '1', '45595617', 'A'),	('0101727', '2', '', 'A'),
('0101728', '1', '45621722', 'A'),	('0101728', '2', '', 'A'),
('0101729', '1', '45835987', 'A'),	('0101729', '2', '', 'A'),
('0101730', '1', '45861918', 'A'),	('0101730', '2', '', 'A'),
('0101731', '1', '45968593', 'A'),	('0101731', '2', '', 'A'),
('0101732', '1', '46012886', 'A'),	('0101732', '2', '', 'A'),
('0101733', '1', '46049686', 'A'),	('0101733', '2', '', 'A'),
('0101734', '1', '46050861', 'A'),	('0101734', '2', '', 'A'),
('0101735', '1', '46080825', 'A'),	('0101735', '2', '', 'A'),
('0101736', '1', '46125813', 'A'),	('0101736', '2', '', 'A'),
('0101737', '1', '46156583', 'A'),	('0101737', '2', '', 'A'),
('0101738', '1', '46184881', 'A'),	('0101738', '2', '', 'A'),
('0101739', '1', '46193125', 'A'),	('0101739', '2', '', 'A'),
('0101740', '1', '46198881', 'A'),	('0101740', '2', '', 'A'),
('0101741', '1', '46238241', 'A'),	('0101741', '2', '', 'A'),
('0101742', '1', '46410215', 'A'),	('0101742', '2', '', 'A'),
('0101743', '1', '46755110', 'A'),	('0101743', '2', '', 'A'),
('0101744', '1', '46781593', 'A'),	('0101744', '2', '', 'A'),
('0101745', '1', '46884226', 'A'),	('0101745', '2', '', 'A'),
('0101746', '1', '47024431', 'A'),	('0101746', '2', '', 'A'),
('0101747', '1', '47091990', 'A'),	('0101747', '2', '', 'A'),
('0101748', '1', '47195347', 'A'),	('0101748', '2', '', 'A'),
('0101749', '1', '47323860', 'A'),	('0101749', '2', '', 'A'),
('0101750', '1', '47431465', 'A'),	('0101750', '2', '', 'A'),
('0101751', '1', '47452333', 'A'),	('0101751', '2', '', 'A'),
('0101752', '1', '47454602', 'A'),	('0101752', '2', '', 'A'),
('0101753', '1', '70005415', 'A'),	('0101753', '2', '', 'A'),
('0101754', '1', '70007179', 'A'),	('0101754', '2', '', 'A'),
('0101755', '1', '70008852', 'A'),	('0101755', '2', '', 'A'),
('0101756', '1', '70020897', 'A'),	('0101756', '2', '', 'A'),
('0101757', '1', '70022948', 'A'),	('0101757', '2', '', 'A'),
('0101758', '1', '70263999', 'A'),	('0101758', '2', '', 'A'),
('0101759', '1', '70336715', 'A'),	('0101759', '2', '', 'A'),
('0101760', '1', '70397548', 'A'),	('0101760', '2', '', 'A'),
('0101761', '1', '70416166', 'A'),	('0101761', '2', '', 'A'),
('0101762', '1', '70440103', 'A'),	('0101762', '2', '', 'A'),
('0101763', '1', '70443133', 'A'),	('0101763', '2', '', 'A'),
('0101764', '1', '70444972', 'A'),	('0101764', '2', '', 'A'),
('0101765', '1', '70544810', 'A'),	('0101765', '2', '', 'A'),
('0101766', '1', '70685156', 'A'),	('0101766', '2', '', 'A'),
('0101767', '1', '70834155', 'A'),	('0101767', '2', '', 'A'),
('0101768', '1', '70927807', 'A'),	('0101768', '2', '', 'A'),
('0101769', '1', '70948041', 'A'),	('0101769', '2', '', 'A'),
('0101770', '1', '71067583', 'A'),	('0101770', '2', '', 'A'),
('0101771', '1', '71218111', 'A'),	('0101771', '2', '', 'A'),
('0101772', '1', '71225898', 'A'),	('0101772', '2', '', 'A'),
('0101773', '1', '71305111', 'A'),	('0101773', '2', '', 'A'),
('0101774', '1', '71402522', 'A'),	('0101774', '2', '', 'A'),
('0101775', '1', '71755899', 'A'),	('0101775', '2', '', 'A'),
('0101776', '1', '72039873', 'A'),	('0101776', '2', '', 'A'),
('0101777', '1', '72191078', 'A'),	('0101777', '2', '', 'A'),
('0101778', '1', '72473661', 'A'),	('0101778', '2', '', 'A'),
('0101779', '1', '73333136', 'A'),	('0101779', '2', '', 'A'),
('0101780', '1', '74220541', 'A'),	('0101780', '2', '', 'A'),
('0101781', '1', '80219307', 'A'),	('0101781', '2', '', 'A'),
('0101782', '1', '80265605', 'A'),	('0101782', '2', '', 'A'),
('0101783', '1', '80529080', 'A'),	('0101783', '2', '', 'A'),
('0203001', '1', '', 'A'),	('0203001', '2', '', 'A'),
('0203002', '1', '', 'A'),	('0203002', '2', '', 'A'),
('0203003', '1', '', 'A'),	('0203003', '2', '', 'A'),
('0203004', '1', '', 'A'),	('0203004', '2', '', 'A'),
('0203005', '1', '', 'A'),	('0203005', '2', '', 'A'),
('0203006', '1', '', 'A'),	('0203006', '2', '', 'A'),
('0203007', '1', '', 'A'),	('0203007', '2', '', 'A'),
('0203008', '1', '', 'A'),	('0203008', '2', '20454184131', 'A'),
('0203009', '1', '', 'A'),	('0203009', '2', '', 'A');

COMMIT;

-- -----------------------------------------------------
-- Data for table `episerp`.`en_p2m_clase_producto`
-- -----------------------------------------------------
START TRANSACTION;
USE `episerp`;
INSERT INTO `episerp`.`en_p2m_clase_producto`
(`ClaProCod`,`ClaProDet`,`EstRegCod`)
VALUES
('10','Polvos','A'),
('20','Pastas','A'),
('30','Sillao','A'),
('40','Vinagre','A'),
('50','Licores','A');

COMMIT;

-- -----------------------------------------------------
-- Data for table `episerp`.`en_p2m_subclase_producto`
-- -----------------------------------------------------
START TRANSACTION;
USE `episerp`;
INSERT INTO `episerp`.`en_p2m_subclase_producto`
(`ClaProCod`,`SubClaProCod`,`SubClaProDet`,`EstRegCod`)
VALUES
('10','1','Sibarita Polvo','A'),
('10','2','Meri Polvo','A'),
('20','1','Sibarita Pasta','A'),
('20','2','Meri Pasta','A'),
('30','1','Tito','A'),
('30','2','Venturo Sillao','A'),
('30','3','Valle Verde Sillao','A'),
('40','1','Del Firme','A'),
('40','2','Sibarita Vinagre','A'),
('40','3','Valle Verde Vinagre','A'),
('40','4','Buenaventura','A'),
('40','5','Venturo Vinagre','A'),
('50','1','Pomalca','A'),
('50','2','Kan Kun','A'),
('50','3','3X','A'),
('50','4','Kiev','A');

COMMIT;

-- -----------------------------------------------------
-- Data for table `episerp`.`en_p2m_producto`
-- -----------------------------------------------------
START TRANSACTION;
USE `episerp`;
INSERT INTO `episerp`.`en_p2m_producto`
(`ClaProCod`,`SubClaProCod`,`ProCod`,`ProCodBar`,`ProCom`,`AlmCod`,`MonCod`,`ProDet`,`UniMedCod`,`ProPesNet`,
`ProStk`,`ProStkRea`,`ProStkPreVen`,`VolUniAlm`,`ProStkMin`,`ProStkMax`,`ProObs`,`EstRegCod`)
VALUES
('10','1','100101','-',true,'1','1','SIN PICANTE ESTANDAR *84 SIBARITA','1','1','100000','100000','0','1','0','100000','-','A'),
('10','1','100102','-',true,'1','1','SIN PICANTE ECONOMICO *84 SIBARITA','1','1','100000','100000','0','1','0','100000','-','A'),
('10','1','100103','-',true,'1','1','SIN PICANTE  GIGANTE *42 + 20% SIBARITA','1','1','100000','100000','0','1','0','100000','-','A'),
('10','1','100104','-',true,'1','1','AMARILLITO ESTANDAR *84 SIBARITA','1','1','100000','100000','0','1','0','100000','-','A'),
('10','1','100105','-',true,'1','1','AMARILLITO ECONOMICO *84 +20% SIBARITA','1','1','100000','100000','0','1','0','100000','-','A'),
('10','1','100106','-',true,'1','1','AMARILLITO GIGANTE *42 + 20% SIBARITA','1','1','100000','100000','0','1','0','100000','-','A'),
('10','1','100107','-',true,'1','1','TUCO TALLARIN ESTANDAR *84 SIBARITA','1','1','100000','100000','0','1','0','100000','-','A'),
('10','1','100108','-',true,'1','1','TUCO TALLARIN ECONOMICO *84 + 20% SIBARITA','1','1','100000','100000','0','1','0','100000','-','A'),
('10','1','100109','-',true,'1','1','TUCO TALLARIN GIGANTE *42 + 20% SIBARITA','1','1','100000','100000','0','1','0','100000','-','A'),
('10','1','100110','-',true,'1','1','PIMIENTA ESTANDAR *100 SIBARITA','1','1','100000','100000','0','1','0','100000','-','A'),
('10','1','100111','-',true,'1','1','PIMIENTA ECONOMICO *50 SIBARITA','1','1','100000','100000','0','1','0','100000','-','A'),
('10','1','100112','-',true,'1','1','PIMIENTA GIGANTE *50 SIBARITA','1','1','100000','100000','0','1','0','100000','-','A'),
('10','1','100113','-',true,'1','1','COMINO ESTANDAR *100 SIBARITA','1','1','100000','100000','0','1','0','100000','-','A'),
('10','1','100114','-',true,'1','1','COMINO ECONOMICO *50 SIBARITA','1','1','100000','100000','0','1','0','100000','-','A'),
('10','1','100115','-',true,'1','1','COMINO GIGANTE *50 SIBARITA','1','1','100000','100000','0','1','0','100000','-','A'),
('10','1','100116','-',true,'1','1','PIMIENTA COMINO SIBARITA *66 SIBARITA','1','1','100000','100000','0','1','0','100000','-','A'),
('10','1','100117','-',true,'1','1','VERDECITO SIBARITA *50 SIBARITA','1','1','100000','100000','0','1','0','100000','-','A'),
('10','1','100118','-',true,'1','1','OREGANO SIBARITA *66','1','1','100000','100000','0','1','0','100000','-','A'),
('10','2','100201','-',true,'1','1','MERI SIN PICANTE ESTANDAR  *84','1','1','100000','100000','0','1','0','100000','-','A'),
('10','2','100202','-',true,'1','1','MERI SIN PICANTE ECONOMICO * 68','1','1','100000','100000','0','1','0','100000','-','A'),
('10','2','100203','-',true,'1','1','MERI SIN PICANTE GIGANTE *42','1','1','100000','100000','0','1','0','100000','-','A'),
('10','2','100204','-',true,'1','1','MERI AMARILLITO ESTANDAR * 84','1','1','100000','100000','0','1','0','100000','-','A'),
('10','2','100205','-',true,'1','1','MERI AMARILLITO ECONOMICO  * 68','1','1','100000','100000','0','1','0','100000','-','A'),
('10','2','100206','-',true,'1','1','MERI TUCO TALLARIN ESTANDAR','1','1','100000','100000','0','1','0','100000','-','A'),
('10','2','100207','-',true,'1','1','MERI TUCO TALLARIN ECONOMICO * 68','1','1','100000','100000','0','1','0','100000','-','A'),
('10','2','100208','-',true,'1','1','MERI PIMIENTA ESTANDAR *100','1','1','100000','100000','0','1','0','100000','-','A'),
('10','2','100209','-',true,'1','1','MERI PIMIENTA ECONOMICO * 68','1','1','100000','100000','0','1','0','100000','-','A'),
('10','2','100210','-',true,'1','1','MERI COMINO ESTANDAR *100','1','1','100000','100000','0','1','0','100000','-','A'),
('10','2','100211','-',true,'1','1','MERI COMINO ECONOMICO * 68','1','1','100000','100000','0','1','0','100000','-','A'),
('10','2','100212','-',true,'1','1','MERI PIMIENTA CON COMINO ECO * 68','1','1','100000','100000','0','1','0','100000','-','A'),
('10','2','100213','-',true,'1','1','MERI VERDECITO *68','1','1','100000','100000','0','1','0','100000','-','A'),
('10','2','100214','-',true,'1','1','MERI OREGANO  * 68','1','1','100000','100000','0','1','0','100000','-','A'),
('20','1','200101','-',true,'1','1','PANQUITA *48 + 20% SIBARITA','1','1','100000','100000','0','1','0','100000','-','A'),
('20','1','200102','-',true,'1','1','PANQUITA *24 + 20% SIBARITA','1','1','100000','100000','0','1','0','100000','-','A'),
('20','1','200103','-',true,'1','1','AJO SIBARITA  *48  + 20% ','1','1','100000','100000','0','1','0','100000','-','A'),
('20','1','200104','-',true,'1','1','AJO SIBARITA  * 24  ','1','1','100000','100000','0','1','0','100000','-','A'),
('20','1','200105','-',true,'1','1','ROCOTIN * 100 SIBARITA','1','1','100000','100000','0','1','0','100000','-','A'),
('20','1','200106','-',true,'1','1','ROCOTIN * 24 SIBARITA','1','1','100000','100000','0','1','0','100000','-','A'),
('20','1','200107','-',true,'1','1','AMARILLIN *48 SIBARITA','1','1','100000','100000','0','1','0','100000','-','A'),
('20','1','200108','-',true,'1','1','AMARILLIN *24 SIBARITA','1','1','100000','100000','0','1','0','100000','-','A'),
('20','2','200201','-',true,'1','1','MERI PANQUITA * 48','1','1','100000','100000','0','1','0','100000','-','A'),
('20','2','200202','-',true,'1','1','MERI AJOS X 24','1','1','100000','100000','0','1','0','100000','-','A'),
('30','1','300101','-',true,'1','1','SILLAO TITO *  85 ','2','1','100000','100000','0','1','0','100000','-','A'),
('30','1','300102','-',true,'1','1','SILLAO TITO *  150 ','2','1','100000','100000','0','1','0','100000','-','A'),
('30','1','300103','-',true,'1','1','SILLAO TITO *  500','3','1','100000','100000','0','1','0','100000','-','A'),
('30','2','300201','-',true,'1','1','SILLAO VENTURO  *  500','3','1','100000','100000','0','1','0','100000','-','A'),
('30','3','300301','-',true,'1','1','SILLAO VALLE VERDE * 1000','3','1','100000','100000','0','1','0','100000','-','A'),
('40','1','400101','-',true,'1','1','VINAGRE DEL FIRME TINTO * 1000','3','1','100000','100000','0','1','0','100000','-','A'),
('40','1','400102','-',true,'1','1','VINAGRE DEL FIRME BLANCO * 1000','3','1','100000','100000','0','1','0','100000','-','A'),
('40','1','400103','-',true,'1','1','VINAGRE DEL FIRME TINTO  * 125','2','1','100000','100000','0','1','0','100000','-','A'),
('40','1','400104','-',true,'1','1','VINAGRE DEL FIRME BLANCO * 125','2','1','100000','100000','0','1','0','100000','-','A'),
('40','1','400105','-',true,'1','1','VINAGRE FIRME TINTO DOY PACK     * 1100','3','1','100000','100000','0','1','0','100000','-','A'),
('40','1','400106','-',true,'1','1','VINAGRE FIRME BLANCO DOY PACK *1100','3','1','100000','100000','0','1','0','100000','-','A'),
('40','2','400201','-',true,'1','1','VINAGRE SIBARITA TINTO X 500','3','1','100000','100000','0','1','0','100000','-','A'),
('40','2','400202','-',true,'1','1','VINAGRE SIBARITA BLANCO  X 500','3','1','100000','100000','0','1','0','100000','-','A'),
('40','3','400301','-',true,'1','1','VINAGRE VALLE  VERDE TINTO x 1000','3','1','100000','100000','0','1','0','100000','-','A'),
('40','3','400302','-',true,'1','1','VINAGRE VALLE  VERDE BLANCO x 1000','3','1','100000','100000','0','1','0','100000','-','A'),
('40','4','400401','-',true,'1','1','VINAGRE BUENAVENTURA TINTO x 1000','3','1','100000','100000','0','1','0','100000','-','A'),
('40','4','400402','-',true,'1','1','VINAGRE BUENAVENTURA BLANCO x 1000','3','1','100000','100000','0','1','0','100000','-','A'),
('40','5','400501','-',true,'1','1','VINAGRE VENTURO TINTO x 1000','3','1','100000','100000','0','1','0','100000','-','A'),
('40','5','400502','-',true,'1','1','VINAGRE VENTURO BLANCO x 1000','3','1','100000','100000','0','1','0','100000','-','A'),
('40','5','400503','-',true,'1','1','VINAGRE VENTURO TINTO x 600','3','1','100000','100000','0','1','0','100000','-','A'),
('40','5','400504','-',true,'1','1','VINAGRE VENTURO BLANCO x 600','3','1','100000','100000','0','1','0','100000','-','A'),
('40','5','400505','-',true,'1','1','VINAGRE VENTURO TINTO x 125','2','1','100000','100000','0','1','0','100000','-','A'),
('40','5','400506','-',true,'1','1','VINAGRE VENTURO BLANCO x 125','2','1','100000','100000','0','1','0','100000','-','A'),
('50','1','500101','-',true,'1','1','POMALCA RESERVA ESPECIAL * 750 x Unidad','3','1','100000','100000','0','1','0','100000','-','A'),
('50','1','500102','-',true,'1','1','POMALCA  7  Anhos * 750 x Unidad','3','1','100000','100000','0','1','0','100000','-','A'),
('50','1','500103','-',true,'1','1','POMALCA 3 Anhos SPECIAL BLACK *1000 x Unidad','3','1','100000','100000','0','1','0','100000','-','A'),
('50','1','500104','-',true,'1','1','POMALCA 3 Anhos SPECIAL BLACK *1000 +2CH','2','1','100000','100000','0','1','0','100000','-','A'),
('50','1','500105','-',true,'1','1','POMALCA 3 Anhos SPECIAL BLACK *1000 +6CH','2','1','100000','100000','0','1','0','100000','-','A'),
('50','1','500106','-',true,'1','1','POMALCA 3 Anhos SPECIAL BLACK *1000 +12V +2CH','2','1','100000','100000','0','1','0','100000','-','A'),
('50','1','500107','-',true,'1','1','POMALCA 3 Anhos SPECIAL BLACK *500 x Unidad','3','1','100000','100000','0','1','0','100000','-','A'),
('50','1','500108','-',true,'1','1','POMALCA 3 Anhos SPECIAL BLACK *500 +2CH','2','1','100000','100000','0','1','0','100000','-','A'),
('50','1','500109','-',true,'1','1','POMALCA 3 Anhos SPECIAL BLACK *500 +6CH','2','1','100000','100000','0','1','0','100000','-','A'),
('50','1','500110','-',true,'1','1','POMALCA 3 Anhos SPECIAL BLACK *500 +12V +2CH','2','1','100000','100000','0','1','0','100000','-','A'),
('50','1','500111','-',true,'1','1','PLATINUM *1000  x Unidad','3','1','100000','100000','0','1','0','100000','-','A'),
('50','1','500112','-',true,'1','1','PLATINUM *1000 + 2CH','2','1','100000','100000','0','1','0','100000','-','A'),
('50','1','500113','-',true,'1','1','PLATINUM *1000 + 6CH','2','1','100000','100000','0','1','0','100000','-','A'),
('50','1','500114','-',true,'1','1','PLATINUM *1000 + 12V + 2CH','2','1','100000','100000','0','1','0','100000','-','A'),
('50','1','500115','-',true,'1','1','PLATINUM *500 x Unidad','3','1','100000','100000','0','1','0','100000','-','A'),
('50','1','500116','-',true,'1','1','PLATINUM *500 + 2CH','2','1','100000','100000','0','1','0','100000','-','A'),
('50','1','500117','-',true,'1','1','PLATINUM *500 + 6CH','2','1','100000','100000','0','1','0','100000','-','A'),
('50','1','500118','-',true,'1','1','PLATINUM *500 + 12V + 2CH','2','1','100000','100000','0','1','0','100000','-','A'),
('50','1','500119','-',true,'1','1','POMALCA  RUBIO * 750 x Unidad','3','1','100000','100000','0','1','0','100000','-','A'),
('50','1','500120','-',true,'1','1','POMALCA  LIMON * 750 x Unidad','3','1','100000','100000','0','1','0','100000','-','A'),
('50','1','500121','-',true,'1','1','POMALCA  BLANCO * 750 x Unidad','3','1','100000','100000','0','1','0','100000','-','A'),
('50','1','500122','-',true,'1','1','POMALCA  RUBIO * 250 x Unidad','3','1','100000','100000','0','1','0','100000','-','A'),
('50','1','500123','-',true,'1','1','POMALCA  LIMON * 250 x Unidad','3','1','100000','100000','0','1','0','100000','-','A'),
('50','1','500124','-',true,'1','1','POMALCA  BLANCO * 250 x Unidad','3','1','100000','100000','0','1','0','100000','-','A'),
('50','2','500201','-',true,'1','1',' R.K.K. SELECTO  LIMON * 1000 x Unidad','3','1','100000','100000','0','1','0','100000','-','A'),
('50','2','500202','-',true,'1','1',' R.K.K. SELECTO  RUBIO *  1000 x Unidad','3','1','100000','100000','0','1','0','100000','-','A'),
('50','2','500203','-',true,'1','1',' R.K.K. SELECTO  DURAZNO * 1000 xUnidad','3','1','100000','100000','0','1','0','100000','-','A'),
('50','2','500204','-',true,'1','1',' R.K.K. SELECTO  LIMON *  1000 + 4CH','2','1','100000','100000','0','1','0','100000','-','A'),
('50','2','500205','-',true,'1','1',' R.K.K. SELECTO  RUBIO *   1000 + 4CH','2','1','100000','100000','0','1','0','100000','-','A'),
('50','2','500206','-',true,'1','1',' R.K.K. SELECTO  DURAZNO *   1000 + 4CH','2','1','100000','100000','0','1','0','100000','-','A'),
('50','3','500301','-',true,'1','1',' VODKA  3 XXX  LIMON* 1800 LT x Unidad','3','1','100000','100000','0','1','0','100000','-','A'),
('50','3','500302','-',true,'1','1',' VODKA  3 XXX  MARACUYA * 1800 LT x Unidad','3','1','100000','100000','0','1','0','100000','-','A'),
('50','3','500303','-',true,'1','1',' VODKA  3 XXX  DURAZNO  * 1800 LT x Unidad','3','1','100000','100000','0','1','0','100000','-','A'),
('50','3','500304','-',true,'1','1',' VODKA  3 XXX  LIMON* 1800 LT + 4CH','2','1','100000','100000','0','1','0','100000','-','A'),
('50','3','500305','-',true,'1','1',' VODKA  3 XXX  MARACUYA * 1800 LT + 4CH  ','2','1','100000','100000','0','1','0','100000','-','A'),
('50','3','500306','-',true,'1','1',' VODKA  3 XXX  DURAZNO  * 1800 LT + 4CH  ','2','1','100000','100000','0','1','0','100000','-','A'),
('50','4','500401','-',true,'1','1','KIEV *100 x Unidad','3','1','100000','100000','0','1','0','100000','-','A'),
('50','4','500402','-',true,'1','1','KIEV *100 + 12V','2','1','100000','100000','0','1','0','100000','-','A'),
('50','4','500403','-',true,'1','1','KIEV *100 + 12V + 4CH','2','1','100000','100000','0','1','0','100000','-','A');

COMMIT;

-- -----------------------------------------------------
-- Data for table `episerp`.`en_p2m_precio_unitario`
-- -----------------------------------------------------
START TRANSACTION;
USE `episerp`;
INSERT INTO `episerp`.`en_p2m_precio_unitario`
(`LisPreCod`,`ClaProCod`,`SubClaProCod`,`ProCod`,`PreUniVen`,`PreUniCom`,`PreUniMar`,`PreUniFle`)
VALUES
('1','10','1','100101','11.44','0','0','0'),	('2','10','1','100101','10','0','0','0'),
('1','10','1','100102','16.95','0','0','0'),	('2','10','1','100102','11','0','0','0'),
('1','10','1','100103','15.25','0','0','0'),	('2','10','1','100103','12','0','0','0'),
('1','10','1','100104','11.44','0','0','0'),	('2','10','1','100104','13','0','0','0'),
('1','10','1','100105','16.95','0','0','0'),	('2','10','1','100105','14','0','0','0'),
('1','10','1','100106','15.25','0','0','0'),	('2','10','1','100106','15','0','0','0'),
('1','10','1','100107','13.98','0','0','0'),	('2','10','1','100107','16','0','0','0'),
('1','10','1','100108','24.58','0','0','0'),	('2','10','1','100108','17','0','0','0'),
('1','10','1','100109','21.53','0','0','0'),	('2','10','1','100109','18','0','0','0'),
('1','10','1','100110','13.98','0','0','0'),	('2','10','1','100110','19','0','0','0'),
('1','10','1','100111','16.95','0','0','0'),	('2','10','1','100111','20','0','0','0'),
('1','10','1','100112','27.54','0','0','0'),	('2','10','1','100112','21','0','0','0'),
('1','10','1','100113','13.98','0','0','0'),	('2','10','1','100113','22','0','0','0'),
('1','10','1','100114','16.95','0','0','0'),	('2','10','1','100114','23','0','0','0'),
('1','10','1','100115','27.54','0','0','0'),	('2','10','1','100115','24','0','0','0'),
('1','10','1','100116','11.69','0','0','0'),	('2','10','1','100116','25','0','0','0'),
('1','10','1','100117','18.39','0','0','0'),	('2','10','1','100117','26','0','0','0'),
('1','10','1','100118','8.9','0','0','0'),	('2','10','1','100118','27','0','0','0'),
('1','10','2','100201','5.51','0','0','0'),	('2','10','2','100201','28','0','0','0'),
('1','10','2','100202','13.98','0','0','0'),	('2','10','2','100202','29','0','0','0'),
('1','10','2','100203','7.29','0','0','0'),	('2','10','2','100203','30','0','0','0'),
('1','10','2','100204','5.51','0','0','0'),	('2','10','2','100204','31','0','0','0'),
('1','10','2','100205','13.98','0','0','0'),	('2','10','2','100205','32','0','0','0'),
('1','10','2','100206','7.2','0','0','0'),	('2','10','2','100206','33','0','0','0'),
('1','10','2','100207','13.98','0','0','0'),	('2','10','2','100207','34','0','0','0'),
('1','10','2','100208','6.78','0','0','0'),	('2','10','2','100208','35','0','0','0'),
('1','10','2','100209','13.98','0','0','0'),	('2','10','2','100209','36','0','0','0'),
('1','10','2','100210','6.78','0','0','0'),	('2','10','2','100210','37','0','0','0'),
('1','10','2','100211','13.98','0','0','0'),	('2','10','2','100211','38','0','0','0'),
('1','10','2','100212','13.98','0','0','0'),	('2','10','2','100212','39','0','0','0'),
('1','10','2','100213','13.98','0','0','0'),	('2','10','2','100213','40','0','0','0'),
('1','10','2','100214','13.98','0','0','0'),	('2','10','2','100214','41','0','0','0'),
('1','20','1','200101','19.24','0','0','0'),	('2','20','1','200101','42','0','0','0'),
('1','20','1','200102','9.58','0','0','0'),	('2','20','1','200102','43','0','0','0'),
('1','20','1','200103','25.25','0','0','0'),	('2','20','1','200103','44','0','0','0'),
('1','20','1','200104','11.86','0','0','0'),	('2','20','1','200104','45','0','0','0'),
('1','20','1','200105','12.71','0','0','0'),	('2','20','1','200105','46','0','0','0'),
('1','20','1','200106','9.41','0','0','0'),	('2','20','1','200106','47','0','0','0'),
('1','20','1','200107','23.31','0','0','0'),	('2','20','1','200107','48','0','0','0'),
('1','20','1','200108','11.44','0','0','0'),	('2','20','1','200108','49','0','0','0'),
('1','20','2','200201','11.69','0','0','0'),	('2','20','2','200201','50','0','0','0'),
('1','20','2','200202','9.66','0','0','0'),	('2','20','2','200202','51','0','0','0'),
('1','30','1','300101','5.85','0','0','0'),	('2','30','1','300101','52','0','0','0'),
('1','30','1','300102','9.49','0','0','0'),	('2','30','1','300102','53','0','0','0'),
('1','30','1','300103','2.05','0','0','0'),	('2','30','1','300103','54','0','0','0'),
('1','30','2','300201','2.95','0','0','0'),	('2','30','2','300201','55','0','0','0'),
('1','30','3','300301','2.19','0','0','0'),	('2','30','3','300301','56','0','0','0'),
('1','40','1','400101','2.94','0','0','0'),	('2','40','1','400101','57','0','0','0'),
('1','40','1','400102','2.94','0','0','0'),	('2','40','1','400102','58','0','0','0'),
('1','40','1','400103','8.53','0','0','0'),	('2','40','1','400103','59','0','0','0'),
('1','40','1','400104','8.53','0','0','0'),	('2','40','1','400104','60','0','0','0'),
('1','40','1','400105','2.75','0','0','0'),	('2','40','1','400105','61','0','0','0'),
('1','40','1','400106','2.75','0','0','0'),	('2','40','1','400106','62','0','0','0'),
('1','40','2','400201','1.13','0','0','0'),	('2','40','2','400201','63','0','0','0'),
('1','40','2','400202','1.13','0','0','0'),	('2','40','2','400202','64','0','0','0'),
('1','40','3','400301','1.51','0','0','0'),	('2','40','3','400301','65','0','0','0'),
('1','40','3','400302','1.51','0','0','0'),	('2','40','3','400302','66','0','0','0'),
('1','40','4','400401','1.27','0','0','0'),	('2','40','4','400401','67','0','0','0'),
('1','40','4','400402','1.27','0','0','0'),	('2','40','4','400402','68','0','0','0'),
('1','40','5','400501','3.95','0','0','0'),	('2','40','5','400501','69','0','0','0'),
('1','40','5','400502','3.95','0','0','0'),	('2','40','5','400502','70','0','0','0'),
('1','40','5','400503','2.47','0','0','0'),	('2','40','5','400503','71','0','0','0'),
('1','40','5','400504','2.47','0','0','0'),	('2','40','5','400504','72','0','0','0'),
('1','40','5','400505','10.25','0','0','0'),	('2','40','5','400505','73','0','0','0'),
('1','40','5','400506','10.25','0','0','0'),	('2','40','5','400506','74','0','0','0'),
('1','50','1','500101','19.28','0','0','0'),	('2','50','1','500101','75','0','0','0'),
('1','50','1','500102','41.92','0','0','0'),	('2','50','1','500102','76','0','0','0'),
('1','50','1','500103','13.47','0','0','0'),	('2','50','1','500103','77','0','0','0'),
('1','50','1','500104','161.53','0','0','0'),	('2','50','1','500104','78','0','0','0'),
('1','50','1','500105','175.17','0','0','0'),	('2','50','1','500105','79','0','0','0'),
('1','50','1','500106','181.1','0','0','0'),	('2','50','1','500106','80','0','0','0'),
('1','50','1','500107','9.07','0','0','0'),	('2','50','1','500107','81','0','0','0'),
('1','50','1','500108','108.14','0','0','0'),	('2','50','1','500108','82','0','0','0'),
('1','50','1','500109','121.78','0','0','0'),	('2','50','1','500109','83','0','0','0'),
('1','50','1','500110','127.8','0','0','0'),	('2','50','1','500110','84','0','0','0'),
('1','50','1','500111','13.47','0','0','0'),	('2','50','1','500111','85','0','0','0'),
('1','50','1','500112','161.53','0','0','0'),	('2','50','1','500112','86','0','0','0'),
('1','50','1','500113','175.17','0','0','0'),	('2','50','1','500113','87','0','0','0'),
('1','50','1','500114','181.1','0','0','0'),	('2','50','1','500114','88','0','0','0'),
('1','50','1','500115','9.07','0','0','0'),	('2','50','1','500115','89','0','0','0'),
('1','50','1','500116','108.14','0','0','0'),	('2','50','1','500116','90','0','0','0'),
('1','50','1','500117','121.78','0','0','0'),	('2','50','1','500117','91','0','0','0'),
('1','50','1','500118','127.8','0','0','0'),	('2','50','1','500118','92','0','0','0'),
('1','50','1','500119','10.55','0','0','0'),	('2','50','1','500119','93','0','0','0'),
('1','50','1','500120','10.55','0','0','0'),	('2','50','1','500120','94','0','0','0'),
('1','50','1','500121','10.55','0','0','0'),	('2','50','1','500121','95','0','0','0'),
('1','50','1','500122','4.86','0','0','0'),	('2','50','1','500122','96','0','0','0'),
('1','50','1','500123','4.86','0','0','0'),	('2','50','1','500123','97','0','0','0'),
('1','50','1','500124','4.86','0','0','0'),	('2','50','1','500124','98','0','0','0'),
('1','50','2','500201','7.94','0','0','0'),	('2','50','2','500201','99','0','0','0'),
('1','50','2','500202','7.94','0','0','0'),	('2','50','2','500202','100','0','0','0'),
('1','50','2','500203','7.94','0','0','0'),	('2','50','2','500203','101','0','0','0'),
('1','50','2','500204','107.2','0','0','0'),	('2','50','2','500204','102','0','0','0'),
('1','50','2','500205','107.2','0','0','0'),	('2','50','2','500205','103','0','0','0'),
('1','50','2','500206','107.2','0','0','0'),	('2','50','2','500206','104','0','0','0'),
('1','50','3','500301','5.81','0','0','0'),	('2','50','3','500301','105','0','0','0'),
('1','50','3','500302','5.81','0','0','0'),	('2','50','3','500302','106','0','0','0'),
('1','50','3','500303','5.81','0','0','0'),	('2','50','3','500303','107','0','0','0'),
('1','50','3','500304','81.36','0','0','0'),	('2','50','3','500304','108','0','0','0'),
('1','50','3','500305','81.36','0','0','0'),	('2','50','3','500305','109','0','0','0'),
('1','50','3','500306','81.36','0','0','0'),	('2','50','3','500306','110','0','0','0'),
('1','50','4','500401','14.49','0','0','0'),	('2','50','4','500401','111','0','0','0'),
('1','50','4','500402','182.8','0','0','0'),	('2','50','4','500402','112','0','0','0'),
('1','50','4','500403','197.46','0','0','0'),	('2','50','4','500403','113','0','0','0');

COMMIT;



